CAR'S_NAME,Year_Bought,Selling_Price,Km_Driven,Fuel,Transmission,Mileage
Maruti Swift Dzire VDI,2014,450000,145500,Diesel,Manual,23.4 kmpl
Skoda Rapid 1.5 TDI Ambition,2014,370000,120000,Diesel,Manual,21.14 kmpl
Honda City 2017-2020 EXi,2006,158000,140000,Petrol,Manual,17.7 kmpl
Hyundai i20 Sportz Diesel,2010,225000,127000,Diesel,Manual,23.0 kmpl
Maruti Swift VXI BSIII,2007,130000,120000,Petrol,Manual,16.1 kmpl
Hyundai Xcent 1.2 VTVT E Plus,2017,440000,45000,Petrol,Manual,20.14 kmpl
Maruti Wagon R LXI DUO BSIII,2007,96000,175000,LPG,Manual,17.3 km/kg
Maruti 800 DX BSII,2001,45000,5000,Petrol,Manual,16.1 kmpl
Toyota Etios VXD,2011,350000,90000,Diesel,Manual,23.59 kmpl
Ford Figo Diesel Celebration Edition,2013,200000,169000,Diesel,Manual,20.0 kmpl
Renault Duster 110PS Diesel RxL,2014,500000,68000,Diesel,Manual,19.01 kmpl
Maruti Zen LX,2005,92000,100000,Petrol,Manual,17.3 kmpl
Maruti Swift Dzire VDi,2005,280000,140000,Diesel,Manual,19.3 kmpl
Maruti Swift 1.3 VXi,2007,200000,80000,Petrol,Manual,19.3 kmpl
Maruti Wagon R LXI Minor,2009,180000,90000,Petrol,Manual,18.9 kmpl
Mahindra KUV 100 mFALCON G80 K8 5str,2016,400000,40000,Petrol,Manual,18.15 kmpl
Maruti Ertiga SHVS VDI,2016,778000,70000,Diesel,Manual,24.52 kmpl
Hyundai i20 1.4 CRDi Asta,2012,500000,53000,Diesel,Manual,23.0 kmpl
Maruti Alto LX,2002,150000,80000,Petrol,Manual,19.7 kmpl
Hyundai i20 2015-2017 Asta 1.4 CRDi,2016,680000,100000,Diesel,Manual,22.54 kmpl
Mahindra Verito 1.5 D4 BSIII,2011,174000,100000,Diesel,Manual,21.0 kmpl
Honda WR-V i-DTEC VX,2017,950000,50000,Diesel,Manual,25.5 kmpl
Maruti Swift Dzire ZDI,2015,525000,40000,Diesel,Manual,26.59 kmpl
Maruti SX4 ZDI,2012,600000,72000,Diesel,Manual,21.5 kmpl
Tata Tigor 2017-2020 XZ,2018,500000,35000,Petrol,Manual,20.3 kmpl
Maruti Baleno Delta 1.2,2016,575000,45000,Petrol,Manual,21.4 kmpl
Maruti Alto 800 LXI,2017,275000,28000,Petrol,Manual,24.7 kmpl
Chevrolet Enjoy TCDi LTZ 7 Seater,2013,300000,70000,Diesel,Manual,18.2 kmpl
Maruti Wagon R LXI Minor,2009,220000,120000,Petrol,Manual,18.9 kmpl
Maruti Omni E MPI STD BS IV,2018,254999,25000,Petrol,Manual,16.8 kmpl
Maruti Vitara Brezza LDi Option,2017,670000,70000,Diesel,Manual,24.3 kmpl
Fiat Palio 1.2 ELX,2003,70000,50000,Petrol,Manual,24.3 kmpl
Maruti Omni 8 Seater BSIV,2012,150000,35000,Petrol,Manual,14.0 kmpl
Hyundai i20 1.2 Asta Dual Tone,2018,730000,2388,Petrol,Manual,18.6 kmpl
Maruti Vitara Brezza LDi,2017,650000,16200,Diesel,Manual,24.3 kmpl
Maruti Alto 800 CNG LXI Optional,2019,330000,10000,CNG,Manual,33.44 km/kg
Maruti Alto K10 VXI Airbag,2019,366000,15000,Petrol,Manual,23.95 kmpl
Hyundai Verna VTVT 1.6 SX Option,2019,1149000,5000,Petrol,Manual,17.0 kmpl
Datsun GO D,2016,150000,42000,Petrol,Manual,20.63 kmpl
Tata Safari DICOR 2.2 LX 4x2,2011,425000,60000,Diesel,Manual,13.93 kmpl
Maruti 800 Std,2012,150000,76000,Petrol,Manual,16.1 kmpl
Jeep Compass 1.4 Limited Plus BSIV,2019,2100000,5000,Petrol,Automatic,16.0 kmpl
Honda City i VTEC VX,2018,925000,28900,Petrol,Manual,17.8 kmpl
Honda City V MT,2013,425000,86300,Petrol,Manual,16.8 kmpl
Maruti Swift Dzire VXi AT,2018,675000,23300,Petrol,Automatic,18.5 kmpl
Maruti Vitara Brezza VDi,2018,819999,32600,Diesel,Manual,24.3 kmpl
Maruti Alto K10 VXI,2018,390000,10300,Petrol,Manual,23.95 kmpl
Toyota Fortuner 4x4 MT,2014,1500000,77000,Diesel,Manual,12.55 kmpl
Toyota Innova 2.5 G (Diesel) 7 Seater BS IV,2013,700000,99000,Diesel,Manual,12.99 kmpl
Mercedes-Benz B Class B180,2014,1450000,27800,Diesel,Automatic,14.8 kmpl
Honda Amaze S Diesel,2015,425000,49800,Diesel,Manual,24.7 kmpl
Mitsubishi Pajero Sport 4X4,2013,1090000,151000,Diesel,Manual,13.5 kmpl
Honda City i DTEC S,2015,600000,54700,Diesel,Manual,26.0 kmpl
Maruti Ciaz Zeta,2018,850000,64000,Petrol,Manual,20.65 kmpl
Honda Jazz VX Diesel,2015,525000,63000,Diesel,Manual,27.3 kmpl
Toyota Innova Crysta 2.8 ZX AT BSIV,2016,1650000,127700,Diesel,Automatic,11.36 kmpl
Toyota Innova 2.5 G (Diesel) 7 Seater,2016,950000,99000,Diesel,Manual,12.99 kmpl
Audi A6 2.0 TDI Technology,2013,1750000,33900,Diesel,Automatic,17.68 kmpl
Toyota Corolla Altis 1.8 VL CVT,2018,1590000,25000,Petrol,Automatic,14.28 kmpl
Audi A6 2.0 TDI  Design Edition,2013,1689999,50000,Diesel,Automatic,18.53 kmpl
Mercedes-Benz New C-Class 220 CDI AT,2013,1425000,59000,Diesel,Automatic,14.84 kmpl
Tata Manza ELAN Quadrajet BS IV,2011,265000,120000,Diesel,Manual,21.12 kmpl
Hyundai i10 Magna,2011,190000,110000,Petrol,Manual,20.36 kmpl
Hyundai i20 Asta 1.4 CRDi,2013,425000,60000,Diesel,Manual,21.27 kmpl
Maruti Swift Dzire ZDI,2015,630000,147000,Diesel,Manual,26.59 kmpl
Ford Figo 1.2P Titanium MT,2017,600000,25000,Petrol,Manual,18.16 kmpl
Maruti Baleno Delta 1.2,2019,650000,30000,Petrol,Manual,21.4 kmpl
Volkswagen Ameo 1.5 TDI Highline 16 Alloy,2016,540000,40000,Diesel,Manual,22.0 kmpl
Honda City i DTEC VX,2015,630000,135000,Diesel,Manual,25.1 kmpl
Maruti Wagon R AMT VXI,2018,448000,30000,Petrol,Automatic,20.51 kmpl
Volkswagen Ameo 1.5 TDI Comfortline,2017,500000,80000,Diesel,Manual,21.66 kmpl
Maruti Vitara Brezza VDi,2016,745000,70000,Diesel,Manual,24.3 kmpl
Maruti Vitara Brezza ZDi Plus AMT,2019,1025000,9850,Diesel,Automatic,24.3 kmpl
Hyundai i10 Magna,2011,235000,60000,Petrol,Manual,20.36 kmpl
Maruti Swift VDI Deca,2016,630000,70000,Diesel,Manual,25.2 kmpl
Toyota Fortuner 4x4 MT,2015,1700000,78000,Diesel,Manual,12.55 kmpl
Maruti Swift Star VDI,2013,450000,120000,Diesel,Manual,22.9 kmpl
Maruti Ertiga ZXI,2012,450000,120000,Petrol,Manual,16.02 kmpl
Tata Indica DLS,2003,50000,70000,Diesel,Manual,
Volkswagen Vento Diesel Highline,2013,450000,170000,Diesel,Manual,20.54 kmpl
Toyota Innova 2.5 VX (Diesel) 8 Seater,2016,1200000,140000,Diesel,Manual,12.99 kmpl
Ford EcoSport 1.5 TDCi Titanium Plus BSIV,2015,610000,90000,Diesel,Manual,22.77 kmpl
BMW X1 sDrive20i xLine,2016,2500000,30000,Petrol,Automatic,15.71 kmpl
Maruti Celerio ZXI MT BSIV,2017,484999,10000,Petrol,Manual,23.1 kmpl
Datsun GO A Petrol,2016,275000,49000,Petrol,Manual,19.02 kmpl
Maruti Alto 800 VXI BSIV,2016,315000,32000,Petrol,Manual,24.7 kmpl
Maruti Alto 800 LXI BSIV,2016,275000,38000,Petrol,Manual,24.7 kmpl
Maruti Swift VDI BSIV W ABS,2015,475000,78000,Diesel,Manual,19.81 kmpl
Hyundai i10 Era 1.1,2012,290000,28000,Petrol,Manual,19.81 kmpl
Maruti Omni 8 Seater BSIV,2017,280000,32000,Petrol,Manual,14.0 kmpl
Maruti Wagon R LXI LPG BSIV,2010,225000,44000,LPG,Manual,26.2 km/kg
Volkswagen Polo 1.2 MPI Comfortline,2015,455000,42000,Petrol,Manual,16.47 kmpl
Hyundai i10 Magna 1.1L,2015,351000,45000,Petrol,Manual,19.81 kmpl
Volkswagen Vento Petrol Highline,2012,535000,12000,Petrol,Manual,15.04 kmpl
Maruti Zen Estilo LXI BSIII,2009,175000,55500,Petrol,Manual,18.2 kmpl
Hyundai i20 Asta Optional with Sunroof 1.2,2013,525000,61500,Petrol,Manual,18.5 kmpl
Maruti Swift Dzire LDI,2016,600000,150000,Diesel,Manual,26.59 kmpl
Hyundai Xcent 1.2 Kappa SX Option AT,2016,565000,72000,Petrol,Automatic,19.1 kmpl
Maruti Alto LX BSIII,2008,120000,68000,Petrol,Manual,19.7 kmpl
Hyundai i20 1.4 Asta Option,2017,725000,110000,Diesel,Manual,22.54 kmpl
Maruti Wagon R VXI,2009,185000,77000,Petrol,Manual,21.79 kmpl
Tata Manza Aura (ABS) Quadrajet,2010,200000,100000,Diesel,Manual,18.8 kmpl
Maruti Swift VXI,2019,615000,10000,Petrol,Manual,21.21 kmpl
Maruti Eeco 7 Seater Standard BSIV,2016,270000,100000,Petrol,Manual,15.37 kmpl
Maruti Baleno Zeta 1.2,2018,610000,35000,Petrol,Manual,21.4 kmpl
Mahindra Scorpio VLX AT AIRBAG BSIV,2014,625000,70000,Diesel,Automatic,11.79 kmpl
Ford Freestyle Titanium Petrol BSIV,2020,400000,5000,Petrol,Manual,19.0 kmpl
Hyundai Verna VTVT 1.6 SX,2017,866000,37800,Petrol,Manual,17.0 kmpl
Volkswagen Passat 1.8 TSI MT,2010,700000,114000,Petrol,Manual,14.3 kmpl
Tata Indica Vista Aura 1.2 Safire (ABS) BS IV,2010,300000,48000,Petrol,Manual,15.8 kmpl
Mahindra XUV500 W11 Option AWD,2019,1700000,32000,Diesel,Manual,15.1 kmpl
Tata Indigo CS LS (TDI) BS-III,2016,375000,100000,Diesel,Manual,19.09 kmpl
Hyundai Verna 1.6 SX,2013,522000,150000,Diesel,Manual,22.32 kmpl
Hyundai i20 Magna 1.4 CRDi (Diesel),2013,451999,69000,Diesel,Manual,21.9 kmpl
Toyota Corolla Altis G,2009,300000,100000,Petrol,Manual,14.53 kmpl
Maruti Celerio VXI,2020,475000,13000,Petrol,Manual,21.63 kmpl
Maruti Vitara Brezza ZDi Plus Dual Tone,2016,780000,60000,Diesel,Manual,24.3 kmpl
Maruti Swift Dzire VXI,2017,595000,40000,Petrol,Manual,20.85 kmpl
Maruti Wagon R VXI BS IV,2017,440000,35000,Petrol,Manual,20.51 kmpl
Maruti Swift VDI BSIV,2010,300000,120000,Diesel,Manual,20.51 kmpl
Nissan Terrano XL 85 PS,2014,400000,70000,Diesel,Manual,20.45 kmpl
Hyundai Creta 1.6 CRDi SX,2016,1140000,50000,Diesel,Manual,19.67 kmpl
Ford EcoSport 1.5 Diesel Titanium Plus BSIV,2017,850000,76139,Diesel,Manual,23.0 kmpl
Maruti Swift Dzire VDi,2012,370000,175000,Diesel,Manual,19.3 kmpl
Renault KWID 1.0,2018,350000,25000,Petrol,Manual,23.01 kmpl
Maruti Celerio VXI,2015,360000,40000,Petrol,Manual,23.1 kmpl
Maruti Alto LXi,2008,105000,65000,Petrol,Manual,19.7 kmpl
Maruti Ertiga VDI,2013,625000,90000,Diesel,Manual,20.77 kmpl
Hyundai Santro Xing GLS,2009,135000,80000,Petrol,Manual,17.92 kmpl
Maruti Ertiga VDI,2015,700000,110000,Diesel,Manual,20.77 kmpl
Honda Amaze S i-VTEC,2019,690000,1303,Petrol,Manual,17.8 kmpl
Audi Q5 35TDI Premium Plus,2018,3975000,31800,Diesel,Automatic,17.01 kmpl
Lexus ES 300h,2019,5150000,20000,Petrol,Automatic,22.37 kmpl
Jaguar XF 2.0 Diesel Portfolio,2017,3200000,45000,Diesel,Automatic,19.33 kmpl
Jeep Wrangler 2016-2019 3.6 4X4,2017,4100000,17000,Petrol,Automatic,9.5 kmpl
Land Rover Discovery Sport TD4 SE,2019,4500000,21000,Diesel,Automatic,12.83 kmpl
Mercedes-Benz S-Class S 350 CDI,2017,6000000,37000,Diesel,Automatic,13.5 kmpl
BMW 5 Series 520d Sport Line,2018,3790000,29500,Diesel,Automatic,22.48 kmpl
BMW X1 sDrive 20D xLine,2017,2150000,27000,Diesel,Automatic,16.78 kmpl
BMW X4 M Sport X xDrive20d,2019,5800000,7500,Diesel,Automatic,16.78 kmpl
Skoda Superb LK 1.8 TSI AT,2018,1864999,50000,Petrol,Automatic,14.67 kmpl
Mercedes-Benz E-Class E250 Edition E,2016,2700000,35000,Diesel,Automatic,15.0 kmpl
MG Hector Sharp AT BSIV,2019,1750000,19000,Petrol,Automatic,13.96 kmpl
Honda City i-VTEC CVT VX,2017,795000,41000,Petrol,Automatic,18.0 kmpl
Toyota Corolla Altis 1.8 G CVT,2013,625000,39000,Petrol,Automatic,14.28 kmpl
Volvo XC40 D4 R-Design,2018,3400000,22000,Diesel,Automatic,18.0 kmpl
Audi Q7 35 TDI Quattro Premium,2015,2650000,53000,Diesel,Automatic,12.07 kmpl
Maruti Ciaz ZDi,2015,535000,40000,Diesel,Manual,26.21 kmpl
Mercedes-Benz S-Class S 350 CDI,2017,5850000,47000,Diesel,Automatic,13.5 kmpl
BMW 5 Series 523i,2010,975000,72200,Petrol,Automatic,10.8 kmpl
Hyundai Elantra S,2016,805000,49900,Petrol,Manual,16.3 kmpl
Jaguar XE 2016-2019 2.0L Diesel Prestige,2017,2625000,9000,Diesel,Automatic,13.6 kmpl
Tata Nexon 1.2 Revotron XZ Plus Dual Tone,2018,811000,11000,Petrol,Manual,17.0 kmpl
Volkswagen Vento Petrol Highline,2011,375000,49000,Petrol,Manual,15.04 kmpl
Hyundai Elantra SX,2012,550000,95000,Petrol,Manual,16.3 kmpl
Skoda Rapid 1.6 MPI AT Elegance,2016,645000,11000,Petrol,Automatic,14.3 kmpl
Mercedes-Benz CLA 200 CGI Sport,2018,2550000,18000,Petrol,Automatic,15.04 kmpl
Maruti Ertiga ZXI,2014,599000,46100,Petrol,Manual,16.02 kmpl
Mercedes-Benz New C-Class C 200 AVANTGARDE,2017,2700000,16000,Petrol,Automatic,14.74 kmpl
Honda City V AT,2017,875000,18000,Petrol,Automatic,15.6 kmpl
Toyota Glanza V CVT,2019,894999,9654,Petrol,Automatic,19.56 kmpl
Maruti Alto K10 VXI,2011,175000,11000,Petrol,Manual,23.95 kmpl
Maruti Swift VXI,2012,340000,24300,Petrol,Manual,21.21 kmpl
Toyota Innova Crysta 2.8 ZX AT BSIV,2016,1525000,42163,Diesel,Automatic,11.36 kmpl
Tata Nexon 1.5 Revotorq XZA Plus DualTone,2018,1025000,8000,Diesel,Automatic,21.5 kmpl
BMW 3 Series 320d Luxury Line,2016,2150000,30000,Diesel,Automatic,22.69 kmpl
Toyota Camry 2.5 Hybrid,2016,1900000,41000,Petrol,Automatic,19.16 kmpl
BMW 5 Series 520d Luxury Line,2016,2900000,12000,Diesel,Automatic,18.12 kmpl
Toyota Camry W4 (AT),2009,450000,71000,Petrol,Automatic,12.1 kmpl
Maruti Ertiga BSIV ZXI Plus,2016,850000,20000,Petrol,Manual,17.5 kmpl
Volvo XC90 T8 Excellence BSIV,2017,10000000,30000,Petrol,Automatic,42.0 kmpl
Volkswagen Vento Diesel Highline,2011,300000,100000,Diesel,Manual,20.54 kmpl
Ford Figo Aspire 1.2 Ti-VCT Trend,2018,575000,9500,Petrol,Manual,18.16 kmpl
Ford Figo Diesel LXI,2011,160000,120000,Diesel,Manual,20.0 kmpl
Maruti Swift VXI Optional,2015,515000,36600,Petrol,Manual,20.4 kmpl
Maruti Wagon R AMT VXI,2015,390000,50000,Petrol,Automatic,20.51 kmpl
Hyundai i20 Magna 1.2,2016,550000,14000,Petrol,Manual,18.6 kmpl
Maruti 800 Std,1999,40000,40000,Petrol,Manual,16.1 kmpl
Maruti Ritz VDi,2010,220000,120000,Diesel,Manual,21.1 kmpl
Hyundai Grand i10 Magna,2015,425000,70000,Petrol,Manual,18.9 kmpl
Volkswagen Ameo 1.0 MPI Trendline,2019,480000,13000,Petrol,Manual,19.44 kmpl
Hyundai Grand i10 Sportz,2014,400000,60000,Petrol,Manual,18.9 kmpl
Maruti Swift Dzire VXI,2014,487000,35000,Petrol,Manual,19.1 kmpl
Hyundai Xcent 1.2 Kappa S,2016,386000,44000,Petrol,Manual,19.1 kmpl
Honda City 1.5 EXI,2005,100000,120000,Petrol,Manual,13.0 kmpl
Toyota Corolla Altis Diesel D4DG,2010,300000,60000,Diesel,Manual,21.43 kmpl
Daewoo Matiz SD,2000,100000,60000,Petrol,Manual,18.5 kmpl
Toyota Fortuner 4x2 Manual,2014,1750000,30000,Diesel,Manual,13.0 kmpl
Mahindra KUV 100 mFALCON G80 K8,2016,450000,15000,Petrol,Manual,18.15 kmpl
Tata Zest Quadrajet 1.3 75PS XM,2017,490000,90000,Diesel,Manual,22.95 kmpl
Honda City 1.5 S MT,2009,345000,47000,Petrol,Manual,17.0 kmpl
Maruti Zen LXI,2005,85000,90000,Petrol,Manual,17.3 kmpl
Maruti Wagon R VXI BS IV with ABS,2010,215000,120600,Petrol,Manual,18.9 kmpl
Hyundai Verna Transform SX VTVT,2010,320000,100000,Petrol,Manual,16.2 kmpl
Maruti Swift Dzire VXI,2016,459999,60000,Petrol,Manual,20.85 kmpl
Hyundai Getz GLS,2005,65000,86000,Petrol,Manual,15.3 kmpl
Hyundai Elite i20 Sportz Plus BSIV,2020,720000,5000,Petrol,Manual,18.6 kmpl
Maruti Ciaz 1.3 Alpha,2017,800000,37000,Diesel,Manual,28.09 kmpl
Tata Tigor 1.2 Revotron XZ,2019,520000,14000,Petrol,Manual,20.3 kmpl
Maruti Ertiga VDI,2015,580000,70000,Diesel,Manual,20.77 kmpl
Toyota Etios GD,2012,235000,120000,Diesel,Manual,20.77 kmpl
Honda City i VTEC S,2015,600000,50000,Petrol,Manual,17.4 kmpl
Honda Brio S MT,2014,290000,60000,Petrol,Manual,19.4 kmpl
Maruti Wagon R LXI CNG,2016,360000,50000,CNG,Manual,26.6 km/kg
Maruti Swift Dzire VXI,2017,550000,50000,Petrol,Manual,20.85 kmpl
Hyundai i20 Sportz 1.2,2013,375000,70000,Petrol,Manual,18.5 kmpl
Maruti Omni E 8 Str STD,2003,40000,90000,Petrol,Manual,18.5 kmpl
Maruti Wagon R AMT VXI,2018,420000,35000,Petrol,Automatic,20.51 kmpl
Maruti Swift Dzire VXI 1.2,2017,550000,20000,Petrol,Manual,21.21 kmpl
Maruti Alto 800 LXI,2018,270000,20000,Petrol,Manual,24.7 kmpl
Maruti Swift Dzire AMT VXI BS IV,2018,700000,7800,Petrol,Automatic,22.0 kmpl
Maruti Swift VXI Optional,2017,500000,20000,Petrol,Manual,20.4 kmpl
Tata Hexa XE,2019,1250000,15000,Diesel,Manual,17.6 kmpl
Hyundai i20 Magna,2013,320000,31377,Petrol,Manual,18.5 kmpl
Maruti Swift Dzire VDI,2018,700000,50000,Diesel,Manual,28.4 kmpl
Maruti Wagon R VXI BS IV,2015,290000,60000,Petrol,Manual,20.51 kmpl
Toyota Corolla Altis 1.8 VL AT,2012,550000,100000,Petrol,Automatic,14.53 kmpl
Honda Brio S MT,2012,265000,60000,Petrol,Manual,19.4 kmpl
Maruti Baleno Alpha Automatic,2018,830000,5000,Petrol,Automatic,21.4 kmpl
Tata Safari Storme EX,2017,800000,60000,Diesel,Manual,14.1 kmpl
Maruti Alto LXi,2011,160000,25000,Petrol,Manual,19.7 kmpl
Renault KWID RXT,2018,335000,30000,Petrol,Manual,25.17 kmpl
Datsun GO T BSIV,2017,329000,80000,Petrol,Manual,20.63 kmpl
Maruti Vitara Brezza VDi Option,2017,775000,75000,Diesel,Manual,24.3 kmpl
Hyundai Xcent 1.2 VTVT SX,2020,524000,32000,Petrol,Manual,20.14 kmpl
Maruti Alto 800 LXI,2015,245000,40000,Petrol,Manual,22.74 kmpl
Hyundai i20 1.2 Sportz,2012,275000,93000,Petrol,Manual,17.0 kmpl
Tata Zest Revotron 1.2 XT,2018,520000,60000,Petrol,Manual,17.57 kmpl
Maruti Swift 1.3 VXi,2008,130000,120000,Petrol,Manual,17.57 kmpl
Nissan Sunny XL,2014,550000,37000,Petrol,Manual,16.95 kmpl
Ford EcoSport 1.5 Petrol Titanium Plus BSIV,2018,910000,15000,Petrol,Manual,17.0 kmpl
Nissan Micra Active XV S,2015,300000,80000,Petrol,Manual,19.49 kmpl
Maruti Wagon R LXI Optional,2016,350000,140000,Petrol,Manual,20.51 kmpl
Mahindra Ssangyong Rexton RX5,2013,900000,70000,Diesel,Manual,12.83 kmpl
Mahindra Quanto C8,2013,300000,120000,Diesel,Manual,17.21 kmpl
Maruti Ritz LDi,2010,250000,110000,Diesel,Manual,21.1 kmpl
Hyundai Creta 1.6 CRDi SX Plus Dual Tone,2017,1100000,37000,Diesel,Manual,19.67 kmpl
Renault KWID RXT,2016,270000,44000,Petrol,Manual,25.17 kmpl
Maruti Ertiga VDI,2015,640000,80000,Diesel,Manual,20.77 kmpl
Mahindra XUV500 W4,2015,650000,125000,Diesel,Manual,15.1 kmpl
Maruti Eeco 5 Seater AC BSIV,2017,409999,13500,Petrol,Manual,15.37 kmpl
Hyundai Santro Xing GLS,2011,165000,75000,Petrol,Manual,17.92 kmpl
Hyundai Accent GLE,2007,80000,120000,Petrol,Manual,13.2 kmpl
Mahindra XUV500 W8 2WD,2012,535000,120000,Diesel,Manual,15.1 kmpl
Toyota Innova 2.5 EV (Diesel) PS 7 Seater BS IV,2013,700000,70000,Diesel,Manual,12.99 kmpl
Maruti Swift Dzire VDI,2013,550000,70000,Diesel,Manual,23.4 kmpl
Honda Amaze S CVT Petrol BSIV,2019,680000,15000,Petrol,Automatic,19.0 kmpl
Hyundai i10 Sportz 1.2,2009,200000,53000,Petrol,Manual,20.36 kmpl
Maruti Swift Dzire VDI,2014,500000,120000,Diesel,Manual,23.4 kmpl
Maruti Ertiga SHVS ZDI Plus,2016,1000000,70000,Diesel,Manual,24.52 kmpl
Hyundai Getz 1.3 GVS,2008,110000,120000,Petrol,Manual,14.2 kmpl
Hyundai i20 1.2 Magna,2012,320000,100000,Petrol,Manual,18.5 kmpl
Tata Indica DLS,2005,75000,110000,Diesel,Manual,20.4 kmpl
Maruti Swift LXI Optional-O,2015,350000,100000,Petrol,Manual,20.4 kmpl
Tata Indica Vista TDI LS,2013,170000,162500,Diesel,Manual,19.4 kmpl
Hyundai i20 2015-2017 Asta 1.4 CRDi,2017,800000,39000,Diesel,Manual,22.54 kmpl
Maruti Ignis 1.3 Alpha,2017,500000,75000,Diesel,Manual,26.8 kmpl
Tata Hexa XTA,2017,1380000,50000,Diesel,Automatic,17.6 kmpl
Mahindra Marazzo M6 8Str,2019,1300000,40000,Diesel,Manual,17.3 kmpl
Hyundai Verna 1.6 CRDI,2013,530000,92500,Diesel,Manual,22.32 kmpl
Maruti Swift Dzire VDI,2012,360000,158000,Diesel,Manual,23.4 kmpl
Maruti Swift Dzire LDi,2012,310000,120000,Diesel,Manual,19.3 kmpl
Honda City i DTEC V,2015,725000,50000,Diesel,Manual,26.0 kmpl
Maruti Swift Dzire ZDi,2012,340000,110000,Diesel,Manual,19.3 kmpl
Hyundai Xcent 1.2 CRDi E,2017,550000,2000,Diesel,Manual,25.4 kmpl
Toyota Fortuner 3.0 Diesel,2011,1150000,181000,Diesel,Manual,11.5 kmpl
Tata Tiago 1.05 Revotorq XZ,2016,380000,70000,Diesel,Manual,27.28 kmpl
Nissan Sunny XL AT Special Edition,2013,350000,90000,Petrol,Automatic,17.97 kmpl
Hyundai Elite i20 Magna Plus BSIV,2019,610000,2000,Petrol,Manual,18.6 kmpl
Maruti Swift Dzire VXI,2015,525000,20000,Petrol,Manual,20.85 kmpl
Toyota Innova 2.5 GX 7 STR,2011,480000,120000,Diesel,Manual,12.8 kmpl
Mahindra Thar CRDe,2017,780000,35000,Diesel,Manual,16.55 kmpl
Maruti Swift Dzire ZDi,2012,320000,193000,Diesel,Manual,19.3 kmpl
Maruti Swift 1.2 DLX (Only Delhi),2014,375000,80000,Petrol,Manual,20.4 kmpl
Datsun GO D Petrol,2019,300000,40000,Petrol,Manual,19.02 kmpl
Hyundai i20 Asta 1.4 CRDi,2015,500000,70000,Diesel,Manual,22.54 kmpl
Mahindra Scorpio LX,2011,404000,122358,Diesel,Manual,12.05 kmpl
Tata Sumo Gold EX BSIII,2015,500000,75000,Diesel,Manual,14.07 kmpl
Tata Tiago Wizz 1.05 Revotorq,2017,350000,120000,Diesel,Manual,27.28 kmpl
Tata Zest Revotron 1.2 XT,2015,380000,40000,Petrol,Manual,17.57 kmpl
Hyundai Accent GLE,2008,114999,95200,Petrol,Manual,13.2 kmpl
Honda Brio Exclusive Edition,2014,335000,33033,Petrol,Manual,19.4 kmpl
Hyundai Grand i10 AT Asta,2015,465000,63063,Petrol,Automatic,18.9 kmpl
Tata Manza Club Class Quadrajet90 LX,2012,290000,60000,Diesel,Manual,21.02 kmpl
Maruti Alto LX,2005,110000,45000,Petrol,Manual,19.7 kmpl
Tata New Safari DICOR 2.2 EX 4x2,2011,450000,80000,Diesel,Manual,11.57 kmpl
Mahindra Bolero SLE,2009,400000,170000,Diesel,Manual,13.6 kmpl
Mahindra Bolero DI DX 7 Seater,2007,210000,207890,Diesel,Manual,13.6 kmpl
Mercedes-Benz GL-Class 220d 4MATIC Sport,2018,4600000,7976,Diesel,Automatic,17.9 kmpl
Maruti Omni E MPI STD BS IV,2016,220000,35000,Petrol,Manual,16.8 kmpl
Hyundai Grand i10 Sportz,2017,450000,35000,Petrol,Manual,18.9 kmpl
Hyundai Grand i10 Sportz,2017,450000,35000,Petrol,Manual,18.9 kmpl
Hyundai i10 Sportz AT,2013,290000,50000,Petrol,Automatic,16.95 kmpl
Maruti Swift VXI Deca,2016,520000,20000,Petrol,Manual,20.4 kmpl
Hyundai i10 Sportz AT,2011,265000,20000,Petrol,Automatic,16.95 kmpl
Maruti Swift VXI,2012,330000,50000,Petrol,Manual,18.6 kmpl
Maruti Swift VXI,2012,330000,50000,Petrol,Manual,18.6 kmpl
Mahindra Bolero 2011-2019 ZLX,2014,509999,120000,Diesel,Manual,15.96 kmpl
Hyundai Verna 1.6 SX VTVT (O),2014,500000,70000,Petrol,Manual,17.1 kmpl
Hyundai i20 Active 1.2,2015,525000,50000,Petrol,Manual,17.19 kmpl
Maruti Baleno Zeta,2019,675000,16500,Petrol,Manual,21.01 kmpl
Hyundai i20 1.2 Asta,2010,300000,70000,Petrol,Manual,17.0 kmpl
Maruti Alto LXI,2005,90000,99361,Petrol,Manual,19.7 kmpl
Maruti Swift Dzire VDI,2017,650000,25000,Diesel,Manual,26.59 kmpl
Maruti Swift Dzire VXI,2014,409000,70000,Petrol,Manual,19.1 kmpl
Hyundai Grand i10 CRDi Sportz,2015,395000,80000,Diesel,Manual,24.0 kmpl
Maruti Swift 1.3 VXi,2010,215000,70000,Petrol,Manual,24.0 kmpl
Maruti Swift Dzire VXI,2014,400000,70000,Petrol,Manual,19.1 kmpl
Chevrolet Beat LS,2012,120000,60000,Petrol,Manual,18.6 kmpl
Tata Tigor 1.2 Revotron XZA,2018,645000,10000,Petrol,Automatic,20.3 kmpl
Maruti 800 Std,2006,81000,80000,Petrol,Manual,16.1 kmpl
Honda City i-DTEC VX,2017,1300000,30000,Diesel,Manual,25.6 kmpl
Honda City i-DTEC VX,2017,1250000,33000,Diesel,Manual,25.6 kmpl
Maruti Ertiga VXI,2013,535000,90000,Petrol,Manual,16.02 kmpl
Nissan Terrano XV Premium 110 PS,2014,555000,80100,Diesel,Manual,19.01 kmpl
Honda City i VTEC VX,2014,725000,120000,Petrol,Manual,17.4 kmpl
Mahindra Willys CJ 3B 4X4,1983,300000,10000,Diesel,Manual,25.17 kmpl
Renault KWID RXL,2016,229999,40000,Petrol,Manual,25.17 kmpl
Toyota Innova 2.5 GX (Diesel) 8 Seater,2013,800000,160000,Diesel,Manual,12.99 kmpl
Maruti Wagon R VXI BS IV,2017,409999,47000,Petrol,Manual,20.51 kmpl
Hyundai Creta 1.4 CRDi S Plus,2018,1210000,25000,Diesel,Manual,21.38 kmpl
Tata Tiago 1.2 Revotron XZ,2017,400000,26000,Petrol,Manual,23.84 kmpl
Hyundai Grand i10 1.2 CRDi Sportz,2018,520000,29000,Diesel,Manual,24.0 kmpl
Maruti Baleno Zeta Automatic,2016,650000,50000,Petrol,Automatic,21.4 kmpl
Maruti Swift ZXI ABS,2011,325000,58000,Petrol,Manual,16.1 kmpl
Maruti Swift Dzire VXi AT,2012,420000,120000,Petrol,Automatic,17.4 kmpl
Maruti Swift LXI Option,2014,400000,50000,Petrol,Manual,20.4 kmpl
Hyundai i20 1.2 Asta,2010,254999,80000,Petrol,Manual,17.0 kmpl
Maruti Zen LXI,2003,65000,60000,Petrol,Manual,17.3 kmpl
Maruti Celerio LXI,2017,351000,36000,Petrol,Manual,23.1 kmpl
Toyota Innova 2.5 V Diesel 8-seater,2007,404000,120000,Diesel,Manual,12.8 kmpl
Maruti Ritz LDi,2011,185000,185000,Diesel,Manual,21.1 kmpl
Nissan Micra Diesel XV,2011,250000,50000,Diesel,Manual,23.08 kmpl
Maruti Zen LXI,2002,60000,100000,Petrol,Manual,17.3 kmpl
Hyundai Verna 1.6 SX VTVT (O),2013,500000,50000,Petrol,Manual,17.1 kmpl
Maruti Zen Estilo LXI BSIII,2007,85000,80000,Petrol,Manual,18.2 kmpl
Hyundai Santro Xing XL,2005,85000,60000,Petrol,Manual,18.2 kmpl
Maruti Alto LX,2005,85000,80000,Petrol,Manual,19.7 kmpl
Maruti Swift Dzire ZDi,2011,265000,90000,Diesel,Manual,19.3 kmpl
Maruti A-Star Vxi,2010,130000,162000,Petrol,Manual,19.0 kmpl
Maruti Ertiga VDI,2013,480000,110000,Diesel,Manual,20.77 kmpl
Maruti Swift Ldi BSIII,2008,170000,120000,Diesel,Manual,17.8 kmpl
Nissan Micra Diesel XV,2011,275000,45000,Diesel,Manual,23.08 kmpl
Maruti Wagon R LXI,2005,89000,90000,Petrol,Manual,18.9 kmpl
Ford Figo Diesel Titanium,2010,170000,90000,Diesel,Manual,20.0 kmpl
Mahindra XUV300 W8 Option BSIV,2019,1090000,16500,Petrol,Manual,17.0 kmpl
Hyundai Creta 1.6 CRDi AT SX Plus,2017,1100000,67000,Diesel,Automatic,17.01 kmpl
Maruti Swift VXI BSIV,2018,610000,52000,Petrol,Manual,22.0 kmpl
Datsun GO T Option BSIV,2016,335000,40000,Petrol,Manual,20.63 kmpl
Hyundai Grand i10 Asta,2015,434999,40000,Petrol,Manual,18.9 kmpl
Toyota Fortuner 2.8 2WD MT BSIV,2018,3000000,35000,Diesel,Manual,14.24 kmpl
Renault KWID RXL,2018,390000,13000,Petrol,Manual,20.71 kmpl
Honda Brio 1.2 VX MT,2012,325000,40000,Petrol,Manual,18.5 kmpl
Volkswagen Ameo 1.2 MPI Comfortline Plus,2019,640000,10000,Petrol,Manual,17.0 kmpl
Nissan Sunny XV Special Edition,2012,450000,9000,Petrol,Manual,16.95 kmpl
Toyota Etios Liva GD SP,2013,400000,70000,Diesel,Manual,23.59 kmpl
Hyundai i10 Sportz,2009,215000,60000,Petrol,Manual,20.36 kmpl
Renault Duster 85PS Diesel RxL,2014,570000,40000,Diesel,Manual,20.45 kmpl
Mahindra XUV500 W8 2WD,2012,680000,93000,Diesel,Manual,15.1 kmpl
Toyota Innova 2.5 V Diesel 7-seater,2008,325000,80000,Diesel,Manual,12.8 kmpl
Tata Indigo CS eGLX BS IV,2011,150000,50000,Petrol,Manual,15.64 kmpl
Hyundai Elantra SX AT,2013,690000,68000,Petrol,Automatic,14.5 kmpl
Mercedes-Benz New C-Class 220 CDI AT,2013,1550000,25000,Diesel,Automatic,14.84 kmpl
Tata Nano STD,2012,64000,18000,Petrol,Manual,25.4 kmpl
Nissan Micra Diesel XL,2013,250000,120000,Diesel,Manual,23.08 kmpl
Maruti Wagon R LXI,2005,65000,35000,Petrol,Manual,18.9 kmpl
Maruti Swift Dzire VDI,2016,550000,60000,Diesel,Manual,26.59 kmpl
Hyundai i10 Magna,2010,140000,70000,Petrol,Manual,20.36 kmpl
Renault KWID RXT,2016,300000,30000,Petrol,Manual,25.17 kmpl
Volkswagen GTI 1.8 TSI,2016,800000,70000,Petrol,Automatic,16.34 kmpl
Jaguar XE 2016-2019 2.0L Diesel Prestige,2017,2625000,9000,Diesel,Automatic,13.6 kmpl
Lexus ES 300h,2019,5150000,20000,Petrol,Automatic,22.37 kmpl
Jaguar XF 2.0 Diesel Portfolio,2017,3200000,45000,Diesel,Automatic,19.33 kmpl
Tata Safari Storme EX,2015,503000,110000,Diesel,Manual,14.1 kmpl
Volvo XC40 D4 Inscription BSIV,2019,3800000,20000,Diesel,Automatic,18.0 kmpl
Toyota Camry 2.5 Hybrid,2016,2000000,68089,Petrol,Automatic,19.16 kmpl
Maruti Wagon R LXI,2013,225000,58343,Petrol,Manual,21.79 kmpl
Maruti Baleno Alpha 1.3,2018,740000,38817,Diesel,Manual,27.39 kmpl
Honda Jazz VX,2016,550000,56494,Petrol,Manual,18.2 kmpl
Toyota Innova 2.5 VX (Diesel) 7 Seater,2013,750000,79328,Diesel,Manual,12.99 kmpl
Maruti Swift AMT VVT VXI,2019,650000,5621,Petrol,Automatic,22.0 kmpl
Toyota Etios VX,2017,625000,25538,Petrol,Manual,16.78 kmpl
Maruti Swift AMT ZXI,2018,600000,69779,Petrol,Automatic,22.0 kmpl
Hyundai Grand i10 1.2 CRDi Sportz,2017,450000,56290,Diesel,Manual,24.0 kmpl
BMW X4 M Sport X xDrive20d,2019,5400000,7500,Diesel,Automatic,16.78 kmpl
BMW X4 M Sport X xDrive20d,2019,5500000,8500,Diesel,Automatic,16.78 kmpl
Honda Amaze V CVT Petrol BSIV,2019,779000,7032,Petrol,Automatic,19.0 kmpl
Skoda Rapid 1.6 MPI AT Elegance,2016,645000,11000,Petrol,Automatic,14.3 kmpl
Volvo V40 D3 R-Design,2018,2475000,2000,Diesel,Automatic,16.8 kmpl
Hyundai i10 Magna,2010,150000,106000,Petrol,Manual,20.36 kmpl
Toyota Etios Liva Diesel TRD Sportivo,2012,265000,162000,Diesel,Manual,11.1 kmpl
Honda CR-V 2.4L 4WD AT,2009,500000,120000,Petrol,Automatic,11.1 kmpl
Maruti Swift Dzire VDI,2015,480000,90000,Diesel,Manual,26.59 kmpl
Hyundai Verna 1.6 SX CRDi (O),2014,535000,70000,Diesel,Manual,22.32 kmpl
Toyota Innova 2.5 G1 Diesel 8-seater,2005,250000,240000,Diesel,Manual,12.8 kmpl
Maruti SX4 Celebration Diesel,2012,300000,100000,Diesel,Manual,21.5 kmpl
Hyundai Verna XXi ABS (Petrol),2009,340000,214000,Petrol,Manual,13.9 kmpl
Hyundai Verna CRDi SX,2009,340000,214000,Diesel,Manual,16.8 kmpl
Maruti Alto 800 VXI,2016,240000,50000,Petrol,Manual,22.74 kmpl
Honda City i-VTEC CVT V,2018,1085000,1000,Petrol,Automatic,18.0 kmpl
Maruti Swift Dzire AMT VDI,2017,750000,19000,Diesel,Automatic,28.4 kmpl
Tata Indigo LS,2012,95000,265000,Diesel,Manual,17.0 kmpl
Maruti Eeco CNG 5 Seater AC,2020,409999,35000,CNG,Manual,20.88 km/kg
Maruti Alto K10 VXI,2014,215000,80000,Petrol,Manual,23.95 kmpl
Mahindra XUV500 AT W10 AWD,2016,1290000,50000,Diesel,Automatic,16.0 kmpl
Maruti Alto K10 LXI,2010,150000,80000,Petrol,Manual,20.92 kmpl
Hyundai EON Sportz,2013,219000,50000,Petrol,Manual,21.1 kmpl
Tata Tiago 1.2 Revotron XE,2018,325000,100000,Petrol,Manual,23.84 kmpl
Maruti Eeco Smiles 5 Seater AC,2013,260000,120000,Petrol,Manual,15.1 kmpl
Jaguar XE 2016-2019 2.0L Diesel Prestige,2017,2625000,9000,Diesel,Automatic,13.6 kmpl
Lexus ES 300h,2019,5150000,20000,Petrol,Automatic,22.37 kmpl
Jaguar XF 2.0 Diesel Portfolio,2017,3200000,45000,Diesel,Automatic,19.33 kmpl
Tata Safari Storme EX,2015,503000,110000,Diesel,Manual,14.1 kmpl
Volvo XC40 D4 Inscription BSIV,2019,3800000,20000,Diesel,Automatic,18.0 kmpl
Toyota Camry 2.5 Hybrid,2016,2000000,68089,Petrol,Automatic,19.16 kmpl
Maruti Wagon R LXI,2013,225000,58343,Petrol,Manual,21.79 kmpl
Maruti Baleno Alpha 1.3,2018,740000,38817,Diesel,Manual,27.39 kmpl
Honda Jazz VX,2016,550000,56494,Petrol,Manual,18.2 kmpl
Toyota Innova 2.5 VX (Diesel) 7 Seater,2013,750000,79328,Diesel,Manual,12.99 kmpl
Maruti Swift AMT VVT VXI,2019,650000,5621,Petrol,Automatic,22.0 kmpl
Toyota Etios VX,2017,625000,25538,Petrol,Manual,16.78 kmpl
Maruti Swift AMT ZXI,2018,600000,69779,Petrol,Automatic,22.0 kmpl
Hyundai Grand i10 1.2 CRDi Sportz,2017,450000,56290,Diesel,Manual,24.0 kmpl
BMW X4 M Sport X xDrive20d,2019,5400000,7500,Diesel,Automatic,16.78 kmpl
BMW X4 M Sport X xDrive20d,2019,5500000,8500,Diesel,Automatic,16.78 kmpl
Honda Amaze V CVT Petrol BSIV,2019,779000,7032,Petrol,Automatic,19.0 kmpl
Skoda Rapid 1.6 MPI AT Elegance,2016,645000,11000,Petrol,Automatic,14.3 kmpl
Volvo V40 D3 R-Design,2018,2475000,2000,Diesel,Automatic,16.8 kmpl
Honda Amaze S CVT Diesel BSIV,2019,700000,40000,Diesel,Automatic,23.8 kmpl
Hyundai Creta 1.4 CRDi Base,2017,950000,45000,Diesel,Manual,21.38 kmpl
Maruti Alto LXi BSIII,2010,160000,80000,Petrol,Manual,19.7 kmpl
Hyundai Xcent 1.1 CRDi S Option,2015,409999,135000,Diesel,Manual,24.4 kmpl
Toyota Innova 2.5 G (Diesel) 7 Seater,2015,840000,120000,Diesel,Manual,12.99 kmpl
Toyota Etios Liva Diesel,2013,450000,67000,Diesel,Manual,23.59 kmpl
Maruti Swift Dzire ZDI Plus,2017,900000,50000,Diesel,Manual,28.4 kmpl
Toyota Innova 2.5 V Diesel 7-seater,2008,570000,134000,Diesel,Manual,12.8 kmpl
Nissan Micra Diesel XV,2011,254999,110000,Diesel,Manual,23.08 kmpl
Maruti 800 AC BSIII,2009,130000,40000,Petrol,Manual,16.1 kmpl
Maruti Swift Dzire VDI,2013,530000,120000,Diesel,Manual,23.4 kmpl
Volkswagen Polo 1.5 TDI Highline,2015,520000,110000,Diesel,Manual,20.14 kmpl
Mahindra Verito 1.5 D2 BSIII,2011,229999,170000,Diesel,Manual,21.0 kmpl
Maruti 800 AC BSIII,2004,81000,80000,Petrol,Manual,16.1 kmpl
Maruti Swift VDI Optional,2016,600000,47000,Diesel,Manual,25.2 kmpl
Hyundai Xcent 1.2 Kappa S Option,2015,409999,93000,Petrol,Manual,19.1 kmpl
Maruti 800 Std,2010,120000,70000,Petrol,Manual,16.1 kmpl
Maruti Celerio VXI,2014,320000,50000,Petrol,Manual,23.1 kmpl
Ford Figo Diesel EXI,2015,292000,70000,Diesel,Manual,20.0 kmpl
Tata Safari DICOR 2.2 LX 4x2,2012,390000,80000,Diesel,Manual,13.93 kmpl
Ford Figo 1.2P Titanium Plus MT,2016,550000,44000,Petrol,Manual,18.16 kmpl
Maruti Celerio ZXI,2014,385000,25000,Petrol,Manual,23.1 kmpl
Hyundai Creta 1.6 VTVT S,2016,800000,25000,Petrol,Manual,15.29 kmpl
Maruti Swift Dzire VXI 1.2,2019,675000,10000,Petrol,Manual,21.21 kmpl
Tata Hexa XT,2018,1525000,50000,Diesel,Manual,17.6 kmpl
Ford EcoSport 1.5 Diesel Titanium Plus BSIV,2018,950000,30000,Diesel,Manual,23.0 kmpl
Hyundai i20 Active 1.4 SX with AVN,2015,610000,50000,Diesel,Manual,21.19 kmpl
Hyundai i20 Asta 1.4 CRDi,2012,525000,120000,Diesel,Manual,22.54 kmpl
Honda Amaze S CVT Diesel BSIV,2019,700000,40000,Diesel,Automatic,23.8 kmpl
Mahindra Bolero 2011-2019 SLE,2015,375000,80000,Diesel,Manual,15.96 kmpl
Nissan Terrano XL Plus 85 PS,2015,580000,90000,Diesel,Manual,20.45 kmpl
Maruti Swift VXI Windsong Limited edition,2015,434999,50000,Petrol,Manual,20.4 kmpl
Datsun RediGO 1.0 S,2020,350000,2136,Petrol,Manual,22.5 kmpl
Toyota Innova 2.5 G (Diesel) 7 Seater,2012,730000,250000,Diesel,Manual,12.99 kmpl
Hyundai i20 Magna 1.2,2015,600000,35000,Petrol,Manual,18.6 kmpl
Toyota Innova 2.5 VX (Diesel) 7 Seater,2015,1050000,120000,Diesel,Manual,12.99 kmpl
Maruti Baleno Alpha 1.3,2017,735000,70000,Diesel,Manual,27.39 kmpl
Renault Duster 110PS Diesel RxZ,2018,1050000,18000,Diesel,Manual,19.6 kmpl
Chevrolet Enjoy 1.3 TCDi LS 7,2016,420000,110000,Diesel,Manual,18.2 kmpl
Maruti SX4 S Cross 2015-2017 DDiS 200 Zeta,2017,800000,60000,Diesel,Manual,23.65 kmpl
Toyota Fortuner 4x2 AT,2015,2000000,60000,Diesel,Automatic,12.55 kmpl
Maruti Swift Dzire VDI,2016,600000,147000,Diesel,Manual,26.59 kmpl
Toyota Fortuner 4x2 AT,2015,1900000,130000,Diesel,Automatic,12.55 kmpl
Chevrolet Captiva LT,2011,500000,99500,Diesel,Manual,11.5 kmpl
Tata Indica Vista Aqua 1.4 TDI,2011,200000,110000,Diesel,Manual,17.0 kmpl
Nissan Micra Active XL Petrol,2016,370000,35000,Petrol,Manual,19.49 kmpl
Hyundai Verna Transform CRDi VGT SX ABS,2010,260000,110000,Diesel,Manual,16.2 kmpl
Mahindra KUV 100 mFALCON D75 K8,2016,280000,100000,Diesel,Manual,25.32 kmpl
Maruti Ertiga VXI,2014,610000,21000,Petrol,Manual,16.02 kmpl
Ford Fiesta Titanium 1.5 TDCi,2013,300000,60000,Diesel,Manual,23.5 kmpl
Tata Indigo CS LX DiCOR,2010,140000,40000,Diesel,Manual,16.6 kmpl
Hyundai i10 Magna 1.1L,2008,229999,50000,Petrol,Manual,19.81 kmpl
Maruti A-Star Vxi,2010,200000,65000,Petrol,Manual,19.0 kmpl
Maruti Wagon R VXI BSIII,2011,200000,80000,Petrol,Manual,18.9 kmpl
Hyundai Verna 1.6 CRDi S,2015,560000,119000,Diesel,Manual,23.9 kmpl
Maruti Ertiga SHVS VDI,2016,750000,80000,Diesel,Manual,24.52 kmpl
Maruti Swift VDI BSIV,2017,585000,90000,Diesel,Manual,25.2 kmpl
Hyundai Verna 1.6 VTVT S Option,2016,760000,20000,Petrol,Manual,17.01 kmpl
Maruti Swift VDI BSIV,2014,430000,80000,Diesel,Manual,25.2 kmpl
Mahindra KUV 100 D75 K6 Plus,2020,480000,44665,Diesel,Manual,25.32 kmpl
Kia Seltos HTE D,2019,643000,10000,Diesel,Manual,20.8 kmpl
Hyundai Xcent 1.2 VTVT S,2018,500000,60000,Petrol,Manual,20.14 kmpl
Honda Brio 1.2 S MT,2016,425000,22000,Petrol,Manual,18.5 kmpl
Maruti Alto 800 LXI,2014,250000,25000,Petrol,Manual,22.74 kmpl
Maruti Celerio LDi,2016,285000,70000,Diesel,Manual,27.62 kmpl
Maruti Swift Dzire VXi,2008,160000,123000,Petrol,Manual,17.5 kmpl
Volkswagen Vento Diesel Trendline,2011,250000,70000,Diesel,Manual,20.54 kmpl
Chevrolet Beat LS,2013,170000,70000,Petrol,Manual,18.6 kmpl
Toyota Etios Liva GD,2013,409999,45000,Diesel,Manual,23.59 kmpl
Hyundai Grand i10 AT Asta,2015,400000,40000,Petrol,Automatic,18.9 kmpl
Maruti Swift Dzire VDI,2019,700000,30000,Diesel,Manual,28.4 kmpl
Honda Civic 1.8 V AT,2007,350000,90000,Petrol,Automatic,12.9 kmpl
Maruti Ertiga BSIV VXI,2016,660000,34000,Petrol,Manual,17.5 kmpl
Maruti Alto 800 VXI,2017,268000,25000,Petrol,Manual,24.7 kmpl
Maruti Alto 800 VXI,2016,270000,50000,Petrol,Manual,22.74 kmpl
Chevrolet Beat Diesel LT,2013,300000,50000,Diesel,Manual,25.44 kmpl
Tata Tiago 1.2 Revotron XZ,2017,450000,90000,Petrol,Manual,23.84 kmpl
Chevrolet Beat Diesel LT,2012,220000,70000,Diesel,Manual,25.44 kmpl
Tata New Safari DICOR 2.2 VX 4x2,2009,250000,146000,Diesel,Manual,13.93 kmpl
Ford Figo Petrol EXI,2012,300000,85000,Petrol,Manual,15.6 kmpl
Tata Indica V2 2001-2011 DLS BSIII,2009,88000,201850,Diesel,Manual,17.88 kmpl
Maruti Swift Dzire VDI,2016,561000,30000,Diesel,Manual,26.59 kmpl
Maruti Swift Dzire VDI,2018,755000,15000,Diesel,Manual,28.4 kmpl
Datsun RediGO S,2017,235000,25000,Petrol,Manual,22.7 kmpl
Maruti Alto K10 LXI,2011,165000,90000,Petrol,Manual,20.92 kmpl
Maruti Swift Dzire LDi,2008,190000,80000,Diesel,Manual,19.3 kmpl
Tata Indica V2 DLX BSII,2011,110000,50000,Diesel,Manual,17.2 kmpl
Mahindra Bolero 2011-2019 DI 4WD NON AC,2012,320000,80000,Diesel,Manual,13.6 kmpl
Maruti Swift VDI BSIV,2010,330000,110000,Diesel,Manual,13.6 kmpl
Hyundai i20 Asta Option 1.2,2016,540000,38000,Petrol,Manual,18.6 kmpl
Hyundai EON Era Plus,2013,180000,60000,Petrol,Manual,21.1 kmpl
Maruti Eeco 7 Seater Standard BSIV,2016,270000,100000,Petrol,Manual,15.37 kmpl
Maruti Swift Dzire 1.2 Vxi BSIV,2012,450000,30000,Petrol,Manual,17.5 kmpl
Maruti Swift Dzire VXI,2014,450000,30000,Petrol,Manual,19.1 kmpl
Chevrolet Beat LT,2015,200000,50000,Petrol,Manual,18.6 kmpl
Tata Tiago 1.2 Revotron XZ,2017,425000,42000,Petrol,Manual,23.84 kmpl
Chevrolet Sail 1.2 LS ABS,2016,400000,30000,Petrol,Manual,18.2 kmpl
Maruti Alto LXi BSIII,2009,125000,60000,Petrol,Manual,19.7 kmpl
Jeep Compass 2.0 Longitude Option BSIV,2018,1600000,14000,Diesel,Manual,17.1 kmpl
Honda City i VTEC VX,2015,900000,22000,Petrol,Manual,17.4 kmpl
Volkswagen Vento Diesel Highline,2012,450000,90000,Diesel,Manual,20.54 kmpl
Maruti Alto K10 2010-2014 VXI,2011,210000,46000,Petrol,Manual,20.92 kmpl
Hyundai i20 1.2 Asta Option,2018,801000,20000,Petrol,Manual,18.6 kmpl
Tata Venture EX 7 Str Captain Seats,2014,317000,15000,Diesel,Manual,15.42 kmpl
Maruti Ertiga VXI,2015,600000,40000,Petrol,Manual,16.02 kmpl
Hyundai i20 Magna,2014,330000,30000,Petrol,Manual,18.5 kmpl
Hyundai EON Magna Plus,2017,320000,15000,Petrol,Manual,21.1 kmpl
Maruti Estilo LXI,2010,160000,50000,Petrol,Manual,21.1 kmpl
Hyundai Getz GLX,2007,120000,110000,Petrol,Manual,15.3 kmpl
Maruti Alto LXi,2009,130000,70000,Petrol,Manual,19.7 kmpl
Chevrolet Sail 1.2 LS,2015,220000,80000,Petrol,Manual,18.2 kmpl
Maruti Swift VDI BSIV,2008,229999,50000,Diesel,Manual,18.2 kmpl
Tata Zest Revotron 1.2T XM,2015,340000,110000,Petrol,Manual,17.57 kmpl
Ford Classic 1.4 Duratorq CLXI,2013,200000,70000,Diesel,Manual,19.68 kmpl
Maruti Alto LXI,2002,140000,50000,Petrol,Manual,19.7 kmpl
Toyota Innova 2.5 G (Diesel) 8 Seater,2013,1000000,190000,Diesel,Manual,12.99 kmpl
Mahindra Bolero SLX,2010,495000,100000,Diesel,Manual,13.6 kmpl
Maruti Alto 800 LXI,2015,236000,60000,Petrol,Manual,22.74 kmpl
Maruti Wagon R VXI BS IV,2015,390000,40000,Petrol,Manual,20.51 kmpl
Maruti Swift Dzire VDi,2009,275000,90000,Diesel,Manual,19.3 kmpl
Tata Safari Storme EX,2015,503000,110000,Diesel,Manual,14.1 kmpl
Maruti Vitara Brezza ZDi Plus Dual Tone,2017,775000,32000,Diesel,Manual,24.3 kmpl
Toyota Innova Crysta 2.8 ZX AT BSIV,2016,1800000,30000,Diesel,Automatic,11.36 kmpl
Hyundai Creta 1.6 CRDi SX,2016,850000,58000,Diesel,Manual,19.67 kmpl
Maruti Vitara Brezza VDi,2018,750000,5000,Diesel,Manual,24.3 kmpl
Hyundai i20 1.2 Spotz,2018,570000,25000,Petrol,Manual,18.6 kmpl
Hyundai Grand i10 1.2 Kappa Sportz BSIV,2018,580000,32000,Petrol,Manual,18.9 kmpl
Honda Jazz 1.2 VX i VTEC,2016,484999,30000,Petrol,Manual,18.7 kmpl
Honda BR-V i-VTEC S MT,2017,700000,43000,Petrol,Manual,15.4 kmpl
Hyundai Verna S,2012,415000,60000,Petrol,Manual,17.7 kmpl
Nissan Micra XV CVT,2015,325000,50000,Petrol,Automatic,19.34 kmpl
Ford Figo Aspire 1.2 Ti-VCT Trend,2018,550000,14200,Petrol,Manual,18.16 kmpl
Hyundai EON Sportz,2017,300000,10000,Petrol,Manual,21.1 kmpl
Datsun RediGO T Option,2018,217000,25000,Petrol,Manual,22.7 kmpl
Ford Freestyle Titanium Petrol BSIV,2018,700000,19100,Petrol,Manual,19.0 kmpl
Hyundai Santro Sportz AMT BSIV,2019,466000,25000,Petrol,Automatic,20.3 kmpl
Ford EcoSport 1.5 Diesel Trend BSIV,2014,484999,54000,Diesel,Manual,23.0 kmpl
Nissan Sunny XL D,2018,670000,35000,Diesel,Manual,22.71 kmpl
Hyundai Grand i10 1.2 Kappa Sportz BSIV,2018,500000,20000,Petrol,Manual,18.9 kmpl
Maruti SX4 S Cross 2015-2017 DDiS 200 Zeta,2016,675000,52000,Diesel,Manual,23.65 kmpl
Hyundai i20 1.4 CRDi Asta,2011,220000,120000,Diesel,Manual,23.0 kmpl
Jeep Compass 2.0 Limited,2017,1650000,50000,Diesel,Manual,17.1 kmpl
Maruti Ertiga ZDI,2013,630000,120000,Diesel,Manual,20.77 kmpl
Tata Manza Aura Quadrajet,2010,250000,90000,Diesel,Manual,18.8 kmpl
Maruti Wagon R LXI,2004,120000,120000,Petrol,Manual,18.9 kmpl
Skoda Rapid 1.5 TDI Elegance,2015,300000,101500,Diesel,Manual,21.14 kmpl
Hyundai Verna 1.6 CRDi EX AT,2013,525000,75000,Diesel,Automatic,22.32 kmpl
Maruti Alto K10 LXI,2011,204999,97500,Petrol,Manual,15.4 kmpl
Maruti Alto K10 LXI,2011,204999,97500,Petrol,Manual,15.4 kmpl
Mahindra Scorpio 1.99 S10,2016,1100000,100000,Diesel,Manual,15.4 kmpl
Renault Duster 110PS Diesel RxZ,2012,480000,55735,Diesel,Manual,19.01 kmpl
Mahindra XUV500 W4,2014,605000,80000,Diesel,Manual,15.1 kmpl
Maruti Alto 800 LXI Optional,2016,250000,50000,Petrol,Manual,24.7 kmpl
Ford Figo Diesel Celebration Edition,2013,245000,70000,Diesel,Manual,20.0 kmpl
Hyundai i10 Magna 1.2 iTech SE,2012,210000,76000,Petrol,Manual,20.36 kmpl
Maruti Swift Dzire VXI 1.2,2020,730000,1500,Petrol,Manual,21.21 kmpl
Mahindra Bolero 2011-2019 SLX,2012,500000,76000,Diesel,Manual,15.96 kmpl
Maruti Wagon R VXI Optional,2015,400000,40000,Petrol,Manual,20.51 kmpl
Hyundai EON Magna Plus,2015,280000,60000,Petrol,Manual,21.1 kmpl
Toyota Innova 2.5 G (Diesel) 8 Seater BS IV,2009,561000,170000,Diesel,Manual,12.8 kmpl
Mitsubishi Pajero Sport 4X4,2013,950000,181491,Diesel,Manual,13.5 kmpl
Chevrolet Beat Diesel LS,2016,375000,53319,Diesel,Manual,25.44 kmpl
Volkswagen Ameo 1.5 TDI Comfortline,2017,700000,40906,Diesel,Manual,21.66 kmpl
Toyota Etios VX,2012,375000,31711,Petrol,Manual,17.6 kmpl
Hyundai EON Era Plus,2012,270000,43755,Petrol,Manual,21.1 kmpl
Renault KWID RXT,2016,300000,66693,Petrol,Manual,25.17 kmpl
Maruti Zen Estilo VXI BSIV,2010,225000,59549,Petrol,Manual,19.0 kmpl
Toyota Innova 2.5 G (Diesel) 8 Seater,2015,1350000,94385,Diesel,Manual,12.99 kmpl
Maruti Zen Estilo LXI BSIII,2010,200000,73730,Petrol,Manual,18.2 kmpl
Hyundai Verna 1.6 SX,2011,400000,221889,Diesel,Manual,22.32 kmpl
Honda Amaze VX i-DTEC,2013,500000,116104,Diesel,Manual,25.8 kmpl
Maruti Swift VXI BSIV,2015,500000,150546,Petrol,Manual,22.0 kmpl
Toyota Fortuner 2.8 2WD MT,2013,1500000,148120,Diesel,Manual,14.24 kmpl
Ford Ecosport 1.5 Ti VCT MT Titanium,2015,555000,20000,Petrol,Manual,15.8 kmpl
Hyundai Grand i10 1.2 Kappa Magna AT,2018,580000,30000,Petrol,Automatic,18.9 kmpl
Tata Aria Pride,2011,337000,142000,Diesel,Manual,13.7 kmpl
Tata Sumo CX 10 Str BSIV,2011,175000,20000,Diesel,Manual,12.2 kmpl
Tata Manza Aura Plus Quadrajet,2009,180000,120000,Diesel,Manual,18.8 kmpl
Hyundai i10 Sportz 1.1L,2011,200000,80000,Petrol,Manual,19.81 kmpl
Tata Indigo CS LX (TDI) BS-III,2016,260000,60000,Diesel,Manual,19.09 kmpl
Renault KWID 1.0 RXT Optional,2016,350000,25000,Petrol,Manual,23.01 kmpl
Mahindra Bolero SLX,2011,409999,50000,Diesel,Manual,13.6 kmpl
Mahindra TUV 300 T8,2017,655000,126000,Diesel,Manual,18.49 kmpl
Maruti Swift Dzire LDI,2015,370000,170000,Diesel,Manual,26.59 kmpl
Maruti Alto 800 LXI,2013,200000,24000,Petrol,Manual,22.74 kmpl
Maruti Ertiga SHVS ZDI,2017,800000,100000,Diesel,Manual,24.52 kmpl
Tata Tiago NRG Petrol,2019,550000,10000,Petrol,Manual,24.0 kmpl
Ford Figo Diesel ZXI,2012,300000,70000,Diesel,Manual,20.0 kmpl
Maruti Omni E MPI STD BS IV,2017,220000,40000,Petrol,Manual,16.8 kmpl
Maruti Wagon R LXI BS IV,2011,196000,110000,Petrol,Manual,18.9 kmpl
Hyundai i10 Era,2008,135000,80000,Petrol,Manual,19.81 kmpl
Tata Bolt Revotron XE,2015,299000,16500,Petrol,Manual,17.57 kmpl
Maruti Alto K10 VXI,2017,300000,30000,Petrol,Manual,23.95 kmpl
Maruti Ertiga SHVS VDI,2017,720000,80000,Diesel,Manual,24.52 kmpl
Tata Safari Storme EX,2016,650000,50000,Diesel,Manual,14.1 kmpl
Maruti Alto K10 VXI,2016,300000,25000,Petrol,Manual,23.95 kmpl
Hyundai Grand i10 1.2 CRDi Asta,2019,750000,20000,Diesel,Manual,24.0 kmpl
Renault KWID RXT,2016,260000,60000,Petrol,Manual,25.17 kmpl
Maruti Swift VDI,2011,300000,70000,Diesel,Manual,22.9 kmpl
Mahindra Bolero 2011-2019 SLX,2014,600000,50000,Diesel,Manual,15.96 kmpl
Honda Accord V6 AT,2004,275000,100000,Petrol,Automatic,9.0 kmpl
Maruti Alto K10 VXI,2015,250000,52000,Petrol,Manual,23.95 kmpl
Maruti Swift Dzire VDI,2014,420000,80000,Diesel,Manual,23.4 kmpl
Hyundai EON Era Plus,2015,235000,50000,Petrol,Manual,21.1 kmpl
Mahindra Scorpio S10 7 Seater,2016,1100000,60000,Diesel,Manual,15.4 kmpl
Maruti Alto K10 VXI,2019,360000,25000,Petrol,Manual,23.95 kmpl
Hyundai Grand i10 CRDi Asta,2014,380000,50000,Diesel,Manual,24.0 kmpl
Ford EcoSport 1.5 TDCi Titanium BSIV,2016,650000,125000,Diesel,Manual,22.77 kmpl
Maruti Wagon R VXI Optional,2016,350000,80000,Petrol,Manual,20.51 kmpl
Mahindra Bolero 2011-2019 DI - AC BS III,2017,700000,70000,Diesel,Manual,15.96 kmpl
Hyundai i20 Asta (o) 1.4 CRDi (Diesel),2010,270000,90000,Diesel,Manual,23.0 kmpl
Tata Bolt Quadrajet XE,2017,450000,50000,Diesel,Manual,22.95 kmpl
Mahindra Thar CRDe,2016,630000,101000,Diesel,Manual,16.55 kmpl
Mahindra Xylo E4 BS IV,2010,229999,168000,Diesel,Manual,14.0 kmpl
Mahindra Xylo E4 BS IV,2010,229999,168000,Diesel,Manual,14.0 kmpl
Maruti Wagon R VXI BS IV,2011,270000,40000,Petrol,Manual,18.9 kmpl
Tata Indica Vista Aura Safire Anniversary Edition,2009,135000,28900,Petrol,Manual,0.0 kmpl
Maruti Wagon R VXI BS IV,2012,275000,20000,Petrol,Manual,18.9 kmpl
Jaguar XE 2016-2019 2.0L Diesel Prestige,2017,2625000,9000,Diesel,Automatic,13.6 kmpl
Lexus ES 300h,2019,5150000,20000,Petrol,Automatic,22.37 kmpl
Jaguar XF 2.0 Diesel Portfolio,2017,3200000,45000,Diesel,Automatic,19.33 kmpl
Tata Safari Storme EX,2015,503000,110000,Diesel,Manual,14.1 kmpl
Volvo XC40 D4 Inscription BSIV,2019,3800000,20000,Diesel,Automatic,18.0 kmpl
Toyota Camry 2.5 Hybrid,2016,2000000,68089,Petrol,Automatic,19.16 kmpl
Maruti Wagon R LXI,2013,225000,58343,Petrol,Manual,21.79 kmpl
Maruti Baleno Alpha 1.3,2018,740000,38817,Diesel,Manual,27.39 kmpl
Honda Jazz VX,2016,550000,56494,Petrol,Manual,18.2 kmpl
Toyota Innova 2.5 VX (Diesel) 7 Seater,2013,750000,79328,Diesel,Manual,12.99 kmpl
Maruti Swift AMT VVT VXI,2019,650000,5621,Petrol,Automatic,22.0 kmpl
Toyota Etios VX,2017,625000,25538,Petrol,Manual,16.78 kmpl
Maruti Swift AMT ZXI,2018,600000,69779,Petrol,Automatic,22.0 kmpl
Hyundai Grand i10 1.2 CRDi Sportz,2017,450000,56290,Diesel,Manual,24.0 kmpl
BMW X4 M Sport X xDrive20d,2019,5400000,7500,Diesel,Automatic,16.78 kmpl
BMW X4 M Sport X xDrive20d,2019,5500000,8500,Diesel,Automatic,16.78 kmpl
Honda Amaze V CVT Petrol BSIV,2019,779000,7032,Petrol,Automatic,19.0 kmpl
Skoda Rapid 1.6 MPI AT Elegance,2016,645000,11000,Petrol,Automatic,14.3 kmpl
Volvo V40 D3 R-Design,2018,2475000,2000,Diesel,Automatic,16.8 kmpl
Mahindra TUV 300 T8,2015,634000,165000,Diesel,Manual,18.49 kmpl
Maruti A-Star Zxi,2012,235000,98500,Petrol,Manual,19.0 kmpl
Hyundai i10 Asta,2008,275000,98000,Petrol,Manual,20.36 kmpl
Mahindra Thar CRDe AC,2014,700000,40000,Diesel,Manual,16.55 kmpl
Fiat Grande Punto Sport 90BHP,2013,400000,90000,Diesel,Manual,20.3 kmpl
Maruti Alto LXi,2012,215000,90000,Petrol,Manual,19.7 kmpl
Hyundai Getz 1.5 CRDi GVS,2009,150000,110000,Diesel,Manual,17.1 kmpl
Maruti S-Cross 2017-2020 Zeta DDiS 200 SH,2018,950000,77800,Diesel,Manual,25.1 kmpl
Mahindra TUV 300 T8,2015,730000,100000,Diesel,Manual,18.49 kmpl
Tata Indica V2 Turbomax DLS BS IV,2012,135000,120000,Diesel,Manual,19.0 kmpl
Hyundai Xcent 1.2 Kappa Base,2016,350000,80000,Petrol,Manual,19.1 kmpl
Mahindra KUV 100 G80 K6 Plus,2018,535000,21000,Petrol,Manual,18.15 kmpl
Maruti Swift Dzire Tour S CNG,2018,455000,100000,Petrol,Manual,19.0 kmpl
Maruti Swift Dzire VXI 1.2,2019,655000,25000,Petrol,Manual,21.21 kmpl
Ford EcoSport 1.5 Diesel Titanium BSIV,2019,800000,30000,Diesel,Manual,23.0 kmpl
Toyota Yaris V CVT BSIV,2018,1100000,25000,Petrol,Automatic,17.8 kmpl
Mercedes-Benz E-Class E250 CDI Avantgarde,2016,3000000,40000,Diesel,Automatic,13.0 kmpl
Toyota Fortuner 4x2 4 Speed AT,2012,1225000,160000,Diesel,Automatic,11.5 kmpl
Mahindra KUV 100 G80 K2,2018,340000,51492,Petrol,Manual,18.15 kmpl
Volkswagen Vento Diesel Highline,2011,300000,72000,Diesel,Manual,20.54 kmpl
Ford Figo 1.2P Titanium Opt MT,2016,370000,60000,Petrol,Manual,18.16 kmpl
Mahindra Bolero 2011-2019 SLE,2013,330000,136000,Diesel,Manual,15.96 kmpl
Hyundai Santro Xing GLS,2014,238000,60000,Petrol,Manual,17.92 kmpl
Hyundai Santro Xing XG,2006,72000,110000,Petrol,Manual,18.16 kmpl
Hyundai Santro Xing GLS,2013,200000,90000,Petrol,Manual,17.92 kmpl
Nissan Sunny Diesel XV,2014,320000,91000,Diesel,Manual,22.71 kmpl
Hyundai Santro Xing GL Plus,2009,114999,90000,Petrol,Manual,17.92 kmpl
Maruti Wagon R LXI BS IV,2015,320000,50000,Petrol,Manual,20.51 kmpl
Hyundai i10 Era,2010,210000,20000,Petrol,Manual,19.81 kmpl
Mahindra Xylo D2 BS IV,2011,200000,120000,Diesel,Manual,14.0 kmpl
Maruti Wagon R LXI Minor,2009,135000,150000,Petrol,Manual,18.9 kmpl
Tata Indigo CS LS (TDI) BS-III,2015,350000,52000,Diesel,Manual,19.09 kmpl
Mahindra Bolero 2011-2019 DI BSIII,2014,350000,167000,Diesel,Manual,13.6 kmpl
Maruti Swift Dzire VDI,2017,680000,40000,Diesel,Manual,28.4 kmpl
Maruti Swift Vdi BSIII,2010,200000,190000,Diesel,Manual,17.8 kmpl
Renault KWID 1.0 RXT Optional,2016,300000,50000,Petrol,Manual,23.01 kmpl
Mahindra Xylo E6,2011,270000,70000,Diesel,Manual,14.0 kmpl
Maruti Wagon R LXI BSIII,2012,225000,80000,Petrol,Manual,18.9 kmpl
Mahindra Bolero DI DX 8 Seater,2008,250000,120000,Diesel,Manual,13.6 kmpl
Mahindra TUV 300 T8,2015,590000,40000,Diesel,Manual,18.49 kmpl
Hyundai EON Era Plus,2015,290000,17000,Petrol,Manual,21.1 kmpl
Maruti Zen Estilo LXI BS IV,2010,100000,180000,Petrol,Manual,19.0 kmpl
Maruti Celerio VXI,2016,395000,50000,Petrol,Manual,23.1 kmpl
Hyundai EON Era Plus,2014,195000,65000,Petrol,Manual,21.1 kmpl
Tata Nano Cx,2011,45000,10000,Petrol,Manual,26.0 kmpl
Mahindra Bolero DI DX 8 Seater,2009,270000,70000,Diesel,Manual,13.6 kmpl
Chevrolet Tavera Neo 3 LT 9 Seats BSIII,2014,600000,90000,Diesel,Manual,13.58 kmpl
Hyundai i20 Asta 1.4 CRDi,2015,715000,50000,Diesel,Manual,22.54 kmpl
Hyundai Elite i20 Magna Plus BSIV,2019,600000,10000,Petrol,Manual,18.6 kmpl
Mahindra TUV 300 T6 Plus,2019,875000,25000,Diesel,Manual,18.49 kmpl
Mahindra Scorpio M2DI,2011,420000,100000,Diesel,Manual,13.5 kmpl
Honda CR-V 2.4 4WD AT,2007,325000,70000,Petrol,Automatic,10.1 kmpl
Datsun GO Anniversary Edition,2017,385000,30000,Petrol,Manual,20.63 kmpl
Mahindra KUV 100 mFALCON G80 K2,2016,300000,40000,Petrol,Manual,18.15 kmpl
Hyundai i20 Sportz 1.4 CRDi,2012,335000,135000,Diesel,Manual,21.9 kmpl
Maruti Celerio LXI,2014,300000,35000,Petrol,Manual,23.1 kmpl
Hyundai Accent GLE,2004,80000,120000,Petrol,Manual,13.2 kmpl
Mahindra Bolero 2011-2019 SLE,2012,400000,120000,Diesel,Manual,15.96 kmpl
Tata Indigo CS LS (TDI) BS III,2012,168000,190000,Diesel,Manual,19.09 kmpl
Mahindra Bolero 2011-2019 Plus AC,2016,550000,120000,Diesel,Manual,15.96 kmpl
Toyota Etios GD,2012,300000,120000,Diesel,Manual,18.16 kmpl
Mahindra Bolero PLUS AC BSIII,2011,320000,175000,Diesel,Manual,13.6 kmpl
Mahindra Bolero 2011-2019 Plus - AC BSIII,2011,320000,175000,Diesel,Manual,15.96 kmpl
Nissan Sunny XE,2011,350000,25000,Petrol,Manual,16.95 kmpl
Tata Manza Club Class Quadrajet90 VX,2013,280000,80000,Diesel,Manual,21.02 kmpl
Hyundai Xcent 1.1 CRDi SX Option,2017,550000,70000,Diesel,Manual,24.4 kmpl
Hyundai Xcent 1.2 VTVT E Plus,2018,500000,10000,Petrol,Manual,20.14 kmpl
Ford Freestyle Titanium Plus Petrol BSIV,2019,700000,6000,Petrol,Manual,19.0 kmpl
Skoda Rapid Ultima 1.6 TDI Elegance,2013,380000,90000,Diesel,Manual,20.5 kmpl
Mahindra Bolero 2011-2019 Plus - AC BSIII,2012,340000,110000,Diesel,Manual,15.96 kmpl
Mahindra Bolero 2011-2019 Plus-AC Plus PS BSIII,2007,160000,120000,Diesel,Manual,13.6 kmpl
Toyota Innova 2.5 G (Diesel) 7 Seater,2014,750000,50000,Diesel,Manual,12.99 kmpl
Hyundai Grand i10 1.2 Kappa Magna AT,2018,531000,20000,Petrol,Automatic,18.9 kmpl
Renault KWID 1.0 RXT Optional,2017,300000,35000,Petrol,Manual,23.01 kmpl
Volkswagen Polo 1.5 TDI Comfortline,2014,350000,60000,Diesel,Manual,20.14 kmpl
Chevrolet Beat LT,2010,150000,68000,Petrol,Manual,18.6 kmpl
Maruti Swift VXI Optional,2015,450000,30000,Petrol,Manual,20.4 kmpl
Mahindra XUV500 W10 2WD,2017,1625000,54000,Diesel,Manual,16.0 kmpl
Maruti Swift 1.3 VXi,2006,140000,65000,Petrol,Manual,18.16 kmpl
Mahindra Bolero GLX,2004,250000,80000,Diesel,Manual,16.8 kmpl
Tata Indica V2 DLX TC,2006,85000,120000,Diesel,Manual,16.8 kmpl
Hyundai Grand i10 1.2 Kappa Magna BSIV,2018,450000,30000,Petrol,Manual,18.9 kmpl
Maruti Zen Estilo VXI BSIV W ABS,2011,170000,55113,Petrol,Manual,18.16 kmpl
Tata Tiago 1.05 Revotorq XM,2017,360000,50000,Diesel,Manual,27.28 kmpl
Maruti Alto K10 VXI,2020,390000,6000,Petrol,Manual,23.95 kmpl
Maruti Eeco 7 Seater Standard BSIV,2011,145000,50000,Petrol,Manual,15.37 kmpl
Mahindra Scorpio VLX 2WD AIRBAG SE BSIV,2012,540000,90000,Diesel,Manual,12.05 kmpl
Toyota Innova 2.5 E Diesel MS 8-seater,2008,290000,126000,Diesel,Manual,12.8 kmpl
Tata Indigo eCS VX BSIV,2013,300000,90000,Diesel,Manual,25.0 kmpl
Ford Figo Aspire 1.2 Ti-VCT Titanium,2017,565000,80000,Petrol,Manual,18.16 kmpl
Mahindra Scorpio 2.6 CRDe SLE,2011,441000,70000,Diesel,Manual,10.5 kmpl
Hyundai Santro Xing XP,2003,50000,80000,Petrol,Manual,18.16 kmpl
Hyundai EON Era Plus,2011,180000,80000,Petrol,Manual,21.1 kmpl
Hyundai EON D Lite,2013,200000,80000,Petrol,Manual,21.1 kmpl
Maruti Alto LX,2005,85000,150000,Petrol,Manual,19.7 kmpl
Tata Indica V2 DL BSIII,2006,67500,110000,Diesel,Manual,17.88 kmpl
Maruti Vitara Brezza ZDi Plus Dual Tone,2016,700000,110000,Diesel,Manual,24.3 kmpl
Volkswagen Polo Diesel Highline 1.2L,2010,275000,80000,Diesel,Manual,22.07 kmpl
Hyundai Grand i10 1.2 Kappa Sportz BSIV,2019,600000,20000,Petrol,Manual,18.9 kmpl
Mahindra Xylo D2,2011,250000,120000,Diesel,Manual,13.0 kmpl
Mahindra Bolero 2011-2019 DI - AC BS III,2016,600000,120000,Diesel,Manual,15.96 kmpl
Fiat Linea 1.3 Active,2010,200000,80000,Diesel,Manual,20.4 kmpl
Hyundai Grand i10 CRDi Sportz,2015,425000,91500,Diesel,Manual,24.0 kmpl
Maruti Swift Dzire VDi,2012,420000,120000,Diesel,Manual,19.3 kmpl
Hyundai i20 1.4 CRDi Era,2012,321000,100000,Diesel,Manual,23.0 kmpl
Mahindra Xylo D4 BSIV,2012,350000,120000,Diesel,Manual,14.0 kmpl
Honda Amaze i-VTEC Privilege Edition,2017,490000,80000,Petrol,Manual,17.8 kmpl
Mahindra Scorpio S2 7 Seater,2015,680000,90000,Diesel,Manual,15.4 kmpl
Maruti Alto K10 VXI,2016,298000,70000,Petrol,Manual,23.95 kmpl
Hyundai Santro GLS I - Euro I,1999,80000,110000,Petrol,Manual,18.16 kmpl
Mahindra Scorpio M2DI,2011,450000,150000,Diesel,Manual,13.5 kmpl
Skoda Superb 1.8 TSI,2010,400000,60000,Petrol,Automatic,22.3 kmpl
Tata Indica Vista Quadrajet ZX,2012,250000,40000,Diesel,Manual,22.3 kmpl
Ford Endeavour Hurricane Limited Edition,2013,1075000,110000,Diesel,Automatic,12.8 kmpl
Hyundai Grand i10 Sportz,2017,500000,20000,Petrol,Manual,18.9 kmpl
Ford Freestyle Trend Petrol BSIV,2019,681000,10000,Petrol,Manual,19.0 kmpl
Mahindra XUV500 W8 2WD,2014,650000,90000,Diesel,Manual,15.1 kmpl
Chevrolet Aveo U-VA 1.2 LS,2008,80000,70000,Petrol,Manual,15.26 kmpl
Mahindra Bolero SLX 2WD BSIII,2009,290000,120000,Diesel,Manual,13.6 kmpl
Mahindra Scorpio 2.6 SPORTZ CRDe,2006,220000,120000,Diesel,Manual,10.5 kmpl
Hyundai Santro Xing GL,2009,120000,90000,Petrol,Manual,0.0 kmpl
Datsun RediGO Sport,2017,229999,80000,Petrol,Manual,22.7 kmpl
Mahindra Bolero ZLX BSIII,2003,150000,132478,Diesel,Manual,13.6 kmpl
Maruti Swift Dzire VXI,2014,500000,45000,Petrol,Manual,19.1 kmpl
Tata Indigo CS LS (TDI) BS III,2013,175000,120000,Diesel,Manual,19.09 kmpl
Ford Freestyle Titanium Petrol BSIV,2019,720000,10000,Petrol,Manual,19.0 kmpl
Maruti 800 AC,2012,100000,51000,Petrol,Manual,16.1 kmpl
Honda Civic 1.8 V AT,2009,250000,105000,Petrol,Automatic,12.9 kmpl
Mahindra XUV500 W6 2WD,2014,810000,100000,Diesel,Manual,15.1 kmpl
Maruti Alto LXi,2010,165000,30000,Petrol,Manual,19.7 kmpl
Chevrolet Tavera Neo 3 LS 10 Str,2016,409999,60000,Diesel,Manual,12.2 kmpl
Maruti Swift VDI,2013,430000,86000,Diesel,Manual,22.9 kmpl
Datsun GO Plus D1,2015,300000,15000,Petrol,Manual,20.62 kmpl
Maruti Swift Dzire VDi,2011,350000,137500,Diesel,Manual,19.3 kmpl
Renault KWID 1.0 RXT Optional,2018,400000,60000,Petrol,Manual,23.01 kmpl
Chevrolet Enjoy 1.3 TCDi LS 7,2016,420000,70000,Diesel,Manual,18.2 kmpl
Maruti Wagon R VXI BS IV,2015,430000,5000,Petrol,Manual,20.51 kmpl
Maruti Swift VXI Optional,2017,573000,30000,Petrol,Manual,20.4 kmpl
Hyundai EON D Lite Plus,2015,210000,40000,Petrol,Manual,21.1 kmpl
Renault Duster 110PS Diesel RxZ,2015,600000,60000,Diesel,Manual,19.01 kmpl
Honda City 2017-2020 GXi,2008,150000,70000,Petrol,Manual,17.7 kmpl
Tata Tigor 1.2 Revotron XT,2019,550000,15000,Petrol,Manual,20.3 kmpl
Maruti Swift Dzire ZDi,2011,320000,110000,Diesel,Manual,19.3 kmpl
Maruti 800 AC,2000,80000,70000,Petrol,Manual,16.1 kmpl
Honda Amaze VX Diesel BSIV,2019,800000,10000,Diesel,Manual,27.4 kmpl
Maruti Ertiga ZXI,2013,500000,60000,Petrol,Manual,16.02 kmpl
Tata Manza Aura Quadrajet,2011,229999,110000,Diesel,Manual,18.8 kmpl
Maruti Ertiga ZXI,2013,500000,60000,Petrol,Manual,16.02 kmpl
Hyundai i20 Asta 1.2,2015,630000,35000,Petrol,Manual,18.6 kmpl
Maruti Omni E MPI STD BS IV,2016,190000,70000,Petrol,Manual,16.8 kmpl
Tata Manza Aura Quadrajet,2011,229999,110000,Diesel,Manual,18.8 kmpl
Mahindra Bolero VLX CRDe,2011,450000,100000,Diesel,Manual,13.6 kmpl
Maruti Alto Std,2008,95000,120000,Petrol,Manual,19.7 kmpl
Maruti Omni 8 Seater BSII,2009,101000,90000,Petrol,Manual,19.7 kmpl
Honda Amaze E i-Dtech,2016,500000,70000,Diesel,Manual,25.8 kmpl
Toyota Innova 2.5 VX (Diesel) 7 Seater,2014,1019999,88000,Diesel,Manual,12.99 kmpl
Hyundai EON Era Plus,2012,244000,38000,Petrol,Manual,21.1 kmpl
Maruti Wagon R LXI BS IV,2013,250000,90000,Petrol,Manual,20.51 kmpl
Maruti Baleno Alpha 1.2,2016,660000,60000,Petrol,Manual,21.4 kmpl
Hyundai i20 Magna,2010,270000,60000,Petrol,Manual,18.5 kmpl
Maruti Ritz VDi,2012,280000,156060,Diesel,Manual,23.2 kmpl
Hyundai Creta 1.6 CRDi SX,2017,1050000,60000,Diesel,Manual,19.67 kmpl
Maruti Swift Dzire VXI,2017,525000,70000,Petrol,Manual,20.85 kmpl
Hyundai Verna 1.6 CRDi S,2017,850000,35000,Diesel,Manual,23.9 kmpl
Mahindra XUV500 W10 1.99 mHawk,2016,1165000,50000,Diesel,Manual,16.0 kmpl
Maruti Swift ZXI,2012,345000,50000,Petrol,Manual,18.6 kmpl
Hyundai Santro Xing XS,2007,95000,100000,Petrol,Manual,17.8 kmpl
Maruti Alto 800 LXI,2015,241000,15000,Petrol,Manual,22.74 kmpl
Maruti Alto 800 LXI,2015,235000,20000,Petrol,Manual,22.74 kmpl
Ford EcoSport 1.5 TDCi Titanium Plus BSIV,2015,615000,80000,Diesel,Manual,22.77 kmpl
Mahindra Verito Vibe 1.5 dCi D4,2014,350000,110000,Diesel,Manual,20.8 kmpl
Maruti Wagon R Stingray VXI,2014,350000,35000,Petrol,Manual,20.51 kmpl
Maruti Wagon R Stingray VXI,2014,380000,35000,Petrol,Manual,20.51 kmpl
Tata Sumo Gold EX BSIII,2017,400000,140000,Diesel,Manual,14.07 kmpl
Maruti Zen Estilo LXI BS IV,2010,220000,40000,Petrol,Manual,19.0 kmpl
Tata Sumo GX,2008,270000,110000,Diesel,Manual,14.4 kmpl
Maruti Ritz ZXi,2012,275000,70000,Petrol,Manual,18.5 kmpl
Tata Indica Vista Terra 1.4 TDI,2009,125000,100000,Diesel,Manual,17.0 kmpl
Hyundai i10 Sportz 1.1L,2015,360000,20000,Petrol,Manual,19.81 kmpl
Hyundai Grand i10 1.2 Kappa Sportz BSIV,2019,550000,15000,Petrol,Manual,18.9 kmpl
Ford Fiesta 1.4 ZXi Duratec,2011,200000,70000,Petrol,Manual,16.6 kmpl
Mahindra KUV 100 mFALCON G80 K2,2016,327000,20000,Petrol,Manual,18.15 kmpl
Hyundai i10 Sportz 1.1L,2016,425000,15000,Petrol,Manual,19.81 kmpl
Maruti Swift Dzire VDI,2017,620000,107000,Diesel,Manual,28.4 kmpl
Tata Indica Vista Aqua 1.3 Quadrajet BSIV,2011,130000,54000,Diesel,Manual,18.4 kmpl
Maruti Alto LX,2009,120000,58000,Petrol,Manual,19.7 kmpl
Mahindra Scorpio SLE BSIV,2011,400000,110000,Diesel,Manual,12.05 kmpl
Hyundai Verna CRDi SX,2007,185000,90000,Diesel,Manual,16.8 kmpl
Hyundai EON 1.0 Kappa Magna Plus,2015,204999,43000,Petrol,Manual,20.3 kmpl
Maruti Swift Dzire VDI,2017,625000,43000,Diesel,Manual,28.4 kmpl
Maruti Ertiga ZDI,2013,600000,60000,Diesel,Manual,20.77 kmpl
Tata Indigo GLX,2011,150000,150000,Petrol,Manual,12.8 kmpl
Renault KWID 1.0 RXT Optional,2017,300000,35000,Petrol,Manual,23.01 kmpl
Chevrolet Sail Hatchback Petrol,2013,229999,46000,Petrol,Manual,18.2 kmpl
Maruti Omni E MPI STD BS IV,2018,220000,10000,Petrol,Manual,16.8 kmpl
Hyundai i20 Asta Option 1.2,2016,576000,35000,Petrol,Manual,18.6 kmpl
Renault KWID RXT,2016,265000,50000,Petrol,Manual,25.17 kmpl
Maruti Esteem Vxi - BSII,2005,50000,60000,Petrol,Manual,18.16 kmpl
Hyundai Verna 1.6 VGT CRDi,2011,300000,80000,Diesel,Manual,22.32 kmpl
Tata Tigor 1.05 Revotorq XZ,2017,420000,110000,Diesel,Manual,24.7 kmpl
Maruti Ertiga VDI,2015,750000,14000,Diesel,Manual,20.77 kmpl
Maruti Alto 800 CNG LXI,2012,165000,60000,CNG,Manual,30.46 km/kg
Renault KWID RXT,2017,290000,28000,Petrol,Manual,25.17 kmpl
Hyundai EON Era,2011,160000,57000,Petrol,Manual,21.1 kmpl
Maruti Swift Dzire ZDI,2017,695000,50000,Diesel,Manual,26.59 kmpl
Maruti Wagon R Duo Lxi,2012,231000,70000,LPG,Manual,26.2 km/kg
Toyota Corolla Altis D-4D J,2015,1050000,60000,Diesel,Manual,21.43 kmpl
Hyundai i20 Sportz 1.2,2013,400000,70000,Petrol,Manual,18.5 kmpl
Hyundai i20 2015-2017 Sportz 1.2,2016,500000,40000,Petrol,Manual,18.6 kmpl
Tata Manza Aqua Quadrajet BS IV,2010,150000,120000,Diesel,Manual,21.12 kmpl
Mahindra Xylo H4,2016,400000,140000,Diesel,Manual,14.02 kmpl
Tata Indigo LS,2010,120000,100000,Diesel,Manual,17.0 kmpl
Mahindra Xylo H4,2014,480000,120000,Diesel,Manual,14.02 kmpl
Tata Indigo CS LX (TDI) BS-III,2013,200000,120000,Diesel,Manual,19.09 kmpl
Ford Fiesta Classic 1.4 Duratorq CLXI,2012,300000,64000,Diesel,Manual,17.8 kmpl
Maruti Celerio VXI,2015,350000,25000,Petrol,Manual,23.1 kmpl
Renault Triber RXT BSIV,2019,580000,12000,Petrol,Manual,20.0 kmpl
Chevrolet Beat Diesel LT,2012,200000,70000,Diesel,Manual,25.44 kmpl
Mahindra Scorpio Getaway,2016,750000,120000,Diesel,Manual,11.0 kmpl
Renault KWID RXT,2016,261000,90000,Petrol,Manual,25.17 kmpl
Chevrolet Sail 1.2 LS ABS,2015,371000,40000,Petrol,Manual,18.2 kmpl
Mahindra Bolero DI Non AC BSIII,2010,320000,300000,Diesel,Manual,13.6 kmpl
Tata Indigo CS LX (TDI) BS III,2012,204999,120000,Diesel,Manual,19.09 kmpl
Hyundai Accent GLX,2003,110000,90000,Petrol,Manual,13.2 kmpl
Ford Fusion 1.4 TDCi Diesel,2009,150000,100000,Diesel,Manual,17.7 kmpl
Mahindra Bolero 2011-2019 SLX,2016,625000,90000,Diesel,Manual,15.96 kmpl
Mahindra Scorpio 1.99 S10,2017,1300000,50000,Diesel,Manual,15.4 kmpl
Skoda Octavia Ambition 2.0 TDI MT,2015,900000,168000,Diesel,Manual,20.6 kmpl
Ford Figo Diesel Titanium,2010,180000,110000,Diesel,Manual,20.0 kmpl
Mahindra Bolero SLX,2010,421000,120000,Diesel,Manual,13.6 kmpl
Tata Indigo CS LX (TDI) BS III,2012,204999,120000,Diesel,Manual,19.09 kmpl
Honda WR-V i-DTEC VX,2017,900000,40000,Diesel,Manual,25.5 kmpl
Honda City 2017-2020 GXi,2006,165000,110000,Petrol,Manual,17.7 kmpl
Hyundai i20 Magna 1.4 CRDi,2010,270000,100000,Diesel,Manual,21.9 kmpl
Maruti Vitara Brezza VDi,2017,750000,40000,Diesel,Manual,24.3 kmpl
Hyundai Elite i20 Petrol Asta Option,2019,750000,30000,Petrol,Manual,18.6 kmpl
Maruti 800 Std,2002,40000,80000,Petrol,Manual,16.1 kmpl
Ford Figo Diesel Titanium,2011,190000,90000,Diesel,Manual,20.0 kmpl
Toyota Innova 2.5 G4 Diesel 7-seater,2009,395000,200000,Diesel,Manual,12.8 kmpl
Toyota Fortuner 3.0 Diesel,2010,800000,125000,Diesel,Manual,11.5 kmpl
Hyundai i20 1.2 Sportz,2011,315000,80000,Petrol,Manual,17.0 kmpl
Audi A4 2.0 TDI,2014,1600000,44000,Diesel,Automatic,16.55 kmpl
Toyota Etios GD,2013,409999,90000,Diesel,Manual,23.59 kmpl
Hyundai Grand i10 1.2 Kappa Sportz BSIV,2018,580000,32000,Petrol,Manual,18.9 kmpl
Hyundai i20 Sportz 1.2,2013,340000,70000,Petrol,Manual,18.5 kmpl
Hyundai EON Magna Plus,2015,270000,43000,Petrol,Manual,21.1 kmpl
Tata Zest Quadrajet 1.3 75PS XE,2017,280000,80000,Diesel,Manual,22.95 kmpl
Tata Indica Vista Quadrajet VX,2012,130000,60000,Diesel,Manual,22.3 kmpl
Hyundai EON Era Plus,2014,260000,18945,Petrol,Manual,21.1 kmpl
Hyundai Grand i10 1.2 CRDi Asta,2018,710000,70000,Diesel,Manual,24.0 kmpl
Maruti Eeco Smiles 7 Seater Standard,2013,204999,100000,Petrol,Manual,15.1 kmpl
Datsun GO Plus Anniversary Edition,2017,300000,60000,Petrol,Manual,20.62 kmpl
Maruti Swift Dzire VDi,2009,180000,144000,Diesel,Manual,19.3 kmpl
Mahindra TUV 300 T6 Plus,2016,700000,120000,Diesel,Manual,18.49 kmpl
Hyundai i20 1.4 CRDi Magna,2012,320000,107825,Diesel,Manual,21.9 kmpl
Maruti Alto 800 VXI Plus,2020,370000,15000,Petrol,Manual,22.05 kmpl
Renault KWID RXT Optional,2018,340000,10000,Petrol,Manual,25.17 kmpl
Maruti XL6 Alpha,2019,1040000,1620,Petrol,Manual,19.01 kmpl
Hyundai i20 Active SX Diesel,2018,750000,30000,Diesel,Manual,21.19 kmpl
Mahindra TUV 300 Plus P4 BSIV,2018,600000,70000,Diesel,Manual,18.49 kmpl
Mahindra Bolero 2011-2019 DI - AC BS III,2016,550000,70000,Diesel,Manual,15.96 kmpl
Toyota Innova 2.5 EV (Diesel) PS 7 Seater BS IV,2013,600000,95000,Diesel,Manual,12.99 kmpl
Tata Tigor 1.05 Revotorq XZ Option,2017,550000,50000,Diesel,Manual,24.7 kmpl
Honda City i DTEC VX Option,2015,750000,160000,Diesel,Manual,25.1 kmpl
Hyundai Santro Magna BSIV,2019,450000,10000,Petrol,Manual,20.3 kmpl
Maruti Ertiga VDI,2012,400000,100000,Diesel,Manual,20.77 kmpl
Maruti Swift VDI Optional,2016,520000,50000,Diesel,Manual,25.2 kmpl
Maruti Alto K10 Knightracer,2013,199000,60000,Petrol,Manual,20.2 kmpl
Chevrolet Beat Diesel LT,2012,150000,110000,Diesel,Manual,25.44 kmpl
Hyundai i20 Active 1.4 SX with AVN,2016,540000,80000,Diesel,Manual,21.19 kmpl
Maruti SX4 ZDI,2011,250000,85000,Diesel,Manual,21.5 kmpl
Maruti Wagon R LXI Minor,2010,200000,90000,Petrol,Manual,18.9 kmpl
Tata Indica V2 2001-2011 eLX,2011,130000,90000,Diesel,Manual,25.0 kmpl
Maruti 800 AC,2007,90000,90000,Petrol,Manual,16.1 kmpl
Hyundai Verna 1.6 SX,2012,450000,120000,Diesel,Manual,22.32 kmpl
Hyundai Verna CRDi SX ABS,2009,280000,120000,Diesel,Manual,18.1 kmpl
Tata New Safari 3L Dicor LX 4x2,2007,280000,160000,Diesel,Manual,13.93 kmpl
Maruti Zen LXI,2006,120000,141000,Petrol,Manual,17.3 kmpl
Maruti Swift Ldi BSIII,2008,290000,100000,Diesel,Manual,17.8 kmpl
Hyundai Creta 1.4 EX Diesel,2019,1000000,15000,Diesel,Manual,22.1 kmpl
Maruti Swift Dzire VDi,2012,415000,108000,Diesel,Manual,19.3 kmpl
Maruti Swift Dzire VDI,2012,415000,108000,Diesel,Manual,23.4 kmpl
Chevrolet Beat Diesel LT,2015,240000,55000,Diesel,Manual,25.44 kmpl
Tata Indica Vista Aura 1.3 Quadrajet (ABS) BS IV,2010,250000,37944,Diesel,Manual,18.4 kmpl
Ford Figo Diesel EXI,2011,175000,90400,Diesel,Manual,20.0 kmpl
Hyundai Verna CRDi SX,2008,220000,85000,Diesel,Manual,16.8 kmpl
Maruti Zen D,2003,85000,120000,Diesel,Manual,20.8 kmpl
Maruti Swift Dzire VXI 1.2,2019,675000,5000,Petrol,Manual,21.21 kmpl
Renault Duster 85PS Diesel RxL,2016,535000,50000,Diesel,Manual,19.87 kmpl
Renault Triber RXZ BSIV,2019,675000,5000,Petrol,Manual,20.0 kmpl
Maruti Vitara Brezza ZDi Plus Dual Tone,2016,800000,90000,Diesel,Manual,24.3 kmpl
Maruti Ertiga ZDI,2012,425000,96000,Diesel,Manual,20.77 kmpl
Maruti Eeco 5 Seater AC BSIV,2011,150000,80000,Petrol,Manual,15.37 kmpl
Maruti Zen Estilo 1.1 LXI BSIII,2007,90000,60000,Petrol,Manual,18.2 kmpl
Mahindra XUV500 W6 2WD,2015,850000,90000,Diesel,Manual,15.1 kmpl
Toyota Innova 2.5 G (Diesel) 7 Seater BS IV,2008,330000,193623,Diesel,Manual,12.8 kmpl
Hyundai i20 1.4 Asta Option,2017,850000,63186,Diesel,Manual,22.54 kmpl
Mahindra Bolero SLX,2008,305000,219000,Diesel,Manual,13.6 kmpl
Toyota Innova 2.5 VX (Diesel) 7 Seater,2013,910000,110000,Diesel,Manual,12.99 kmpl
Toyota Innova 2.5 VX 8 STR,2012,1100000,151000,Diesel,Manual,12.8 kmpl
Maruti Baleno Zeta Automatic,2019,675000,5000,Petrol,Automatic,21.4 kmpl
Maruti Alto LXi BSIII,2010,150000,91500,Petrol,Manual,19.7 kmpl
Maruti Swift VDI BSIV,2015,550000,23000,Diesel,Manual,25.2 kmpl
Volkswagen Vento Diesel Highline,2012,350000,40000,Diesel,Manual,20.54 kmpl
Maruti Ritz VDi,2012,300000,70000,Diesel,Manual,23.2 kmpl
Toyota Innova Crysta 2.8 GX AT BSIV,2018,1745000,10000,Diesel,Automatic,11.36 kmpl
Mahindra Scorpio 2009-2014 EX 2WD 7S,2014,611000,90000,Diesel,Manual,14.0 kmpl
Honda Brio S MT,2016,400000,68000,Petrol,Manual,19.4 kmpl
Hyundai Elantra CRDi SX,2013,700000,120000,Diesel,Manual,22.7 kmpl
Chevrolet Sail Hatchback LS ABS,2013,300000,65000,Diesel,Manual,22.1 kmpl
Hyundai Getz GLS,2005,65000,85000,Petrol,Manual,15.3 kmpl
Maruti Wagon R VXI BS IV,2011,200000,94000,Petrol,Manual,18.9 kmpl
Hyundai i20 Asta Option 1.4 CRDi,2015,650000,100000,Diesel,Manual,22.54 kmpl
Hyundai i20 Asta Option 1.4 CRDi,2015,650000,80000,Diesel,Manual,22.54 kmpl
Volkswagen Polo Diesel Trendline 1.2L,2013,350000,80000,Diesel,Manual,22.07 kmpl
Tata Indica V2 DL BSIII,2011,75000,140500,Diesel,Manual,17.88 kmpl
Maruti Swift Dzire VXi,2010,240000,143000,Petrol,Manual,17.5 kmpl
Maruti Alto K10 2010-2014 VXI,2013,240000,60000,Petrol,Manual,20.92 kmpl
Tata Indica Vista Aura 1.3 Quadrajet (ABS) BS IV,2011,180000,120000,Diesel,Manual,18.4 kmpl
Hyundai Santa Fe 4WD AT,2014,900000,80000,Diesel,Automatic,13.01 kmpl
Mahindra Thar DI 4X4,2014,425000,63000,Diesel,Manual,18.06 kmpl
Chevrolet Spark 1.0 LT,2009,95000,120000,Petrol,Manual,18.0 kmpl
Maruti Swift Dzire VDI,2018,811000,100000,Diesel,Manual,28.4 kmpl
Hyundai Verna VTVT 1.6 SX Option,2018,1100000,60000,Petrol,Manual,17.0 kmpl
Chevrolet Tavera Neo 3 LT 9 Seats BSIII,2013,600000,90000,Diesel,Manual,13.58 kmpl
Maruti Ertiga VDI,2014,550000,50000,Diesel,Manual,20.77 kmpl
Mahindra Scorpio S4 Plus 4WD,2015,715000,70000,Diesel,Manual,15.4 kmpl
Mahindra Xylo E8 BS4,2010,300000,40000,Diesel,Manual,18.16 kmpl
Tata Indigo LS BSII,2006,100000,120000,Diesel,Manual,16.1 kmpl
Mahindra Scorpio EX,2013,500000,195000,Diesel,Manual,14.0 kmpl
Maruti Wagon R Stingray VXI,2013,350000,40000,Petrol,Manual,20.51 kmpl
Tata Indica V2 DLS TC,2008,100000,40000,Diesel,Manual,16.8 kmpl
Tata Safari DICOR 2.2 EX 4x2,2012,325000,120000,Diesel,Manual,13.93 kmpl
Maruti Wagon R LXI BS IV,2012,220000,360003,Petrol,Manual,18.9 kmpl
Maruti 800 AC,1999,55000,60000,Petrol,Manual,16.1 kmpl